record_id,category
50e0b5811aa127e3,Read
e69290b18d573def,Write
e52d74585aff1ccc,Read
aa0a940aee89753c,Read
db1e07273a6486a6,Write
8527ed3a8cc0e1bb,Read
200a91e679bffbd3,Write
ad251985daebb72d,Read
00dfc0b0308251ee,Execute
7313f422f69fe623,Execute
0c2a034d35017db4,Read
92de2987d9d72f64,Execute
41a9cbb034a929c5,Read
a8751d2865a2a5f3,Write
c995fca3e1b5bb0b,Read
e7c6ec3fe63629cc,Read
81ecb151b169746e,Write
a992d9090811bc66,Write
408bc1d9e318669d,Write
dd655b4af353af69,Write
07ad6e531bcf3ce2,Write
07ef4fec5dc4540c,Write
76ec5d740404942b,Write
ec829c22cc6d4f7e,Write
4d16a7175a43c786,Write
76190095d20be94d,Write
44ba6cca9e4e4df2,Write
0853c6c2c2fb4b6d,Destructive
b5f1c3807af03a41,Write
1690edd635a9dea7,Write
47c53b2893e64de4,Read
4c277d00420358fa,Write
05e3f5899f864f9e,Destructive
383d5a4f8d17c374,Destructive
10d14b1fd81f6493,Write
16ad2d9ba01b93b3,Write
047dd5844ad289f8,Write
d4bc0bec9ba6181c,Write
111896e4b68d2846,Write
ff709e023f734744,Write
279a97f7f383f763,Write
962516da5354d0a2,Write
fffc646f513e54a2,Write
be48ee88e34260e3,Write
995e7bfa062a690d,Write
b00d7272e23ca594,Write
97c52f3b7358ea36,Write
773075a16c403e90,Write
b1a0b955b4ee001a,Write
710e055913013a90,Write
1a5b96dee877fa9c,Write
76da6a692a047ca3,Write
12248483071d2a44,Write
f584aad899abb5a8,Write
15296c1db03032c6,Write
78bea3716eb5e85e,Write
a3a67e3f9b40e9ec,Write
771af0a9999821ef,Write
327f72589c4bb7d7,Write
8a933ff3e2da6c3a,Write
26a3a7c091107a73,Write
0b57a6573e5f41f2,Write
7672138425e0c756,Write
4f7a942c0fe1ee57,Write
d936f01690f89bfe,Write
0e0b9f2763142812,Write
38c51fa9d56a2726,Write
2074abf3ae691f1e,Write
bb193991e001d78c,Write
efffda70ada18650,Write
ecf3897022e817fd,Write
c97787ee37930688,Write
5d410f4381cc7dff,Write
84d9e482a936d5d9,Write
683e4052c463aa53,Write
b821b3c56ed60b22,Write
fca42f9e630d8e4e,Write
856a731fe1df1170,Write
78f0f1cf0e1c3177,Write
98185db03cfadb6f,Write
06876bb6eef647b5,Write
57bb472b154d38cb,Write
891624b14182cc7c,Write
187d650f3b4a0e78,Write
52ac7eafd851e3b7,Write
c00483d55c22b387,Write
3828817133289288,Write
ecc83ffb8d45a758,Write
493d08e2f6370056,Write
49c47b8e0f4b7c34,Write
f947569f1bd40548,Write
81576a75e17c6b00,Write
02d8a12f9e77f697,Write
be08dbbb54b5dad2,Write
c4df09281e503f9d,Write
9772c2845c6d335a,Write
a6fa447bb461b264,Write
3d2f9db099602c36,Write
054d2bb244fcc952,Write
771539c24b278603,Destructive
3ba8223a489a01f9,Destructive
2183d7088049dd94,Destructive
adabaec18232823b,Destructive
c9490ac3b3f44c36,Destructive
615c1fed8ac4ca01,Destructive
407d6f53a73d540b,Destructive
06c257c01599741e,Destructive
d3073e5ccfd1643e,Destructive
8679273127db8848,Destructive
c2f0314cbff1b1a8,Destructive
c8892a783d49b426,Destructive
4b2e3a582fdd1efc,Destructive
3227ca4220cb4b86,Destructive
d7539352f3c5c9af,Destructive
d0829b5bbbc431d6,Destructive
3ff7b4f05c653ec2,Destructive
9e13d23452d74d7e,Destructive
086b0ad3ad0894f3,Destructive
936ea4d7be4160a2,Destructive
cb5a588ae0801387,Destructive
95d0cd2dcb03435a,Destructive
88064cbf322c3a9b,Destructive
d512aa3b686f3576,Destructive
96cbf03c055fc9dd,Destructive
61de7bb1cb93ee0a,Destructive
d9bdc9d388c99f45,Destructive
ba0677f43772ff7e,Destructive
343c1d92516b219b,Destructive
30dfd53777bb314c,Destructive
09e2d34597376a28,Destructive
a72bb967b305ee42,Destructive
4d6b489940e834f9,Destructive
50647a3d240657ae,Destructive
c4fd739c418b3bcd,Destructive
bc432af22c3da4f2,Destructive
b13047748cdad3f7,Destructive
e9f037266f856b7d,Destructive
89224daf547f3bbe,Destructive
75dd8b3761272b87,Destructive
75dace24c81c15d1,Destructive
54e99251824b7364,Destructive
8c6387da73377a1b,Destructive
3dd9e67944a3a63b,Destructive
aa68ae0d0f36e05f,Destructive
c40b195985f5c98b,Destructive
53598db14c8ba792,Destructive
db728b31cc867c7e,Destructive
ffeaa2dd1f3378b4,Destructive
674206e0ca24dab1,Destructive
212cb8a01606dcef,Destructive
81de5bac81630249,Destructive
5e40a9fdec51ec32,Destructive
5412ab3aded728a9,Destructive
2a8b4c5bfc7b873a,Destructive
d8d6e96b46170aab,Destructive
b1bb945acb93c68c,Destructive
572eacd05a5585a2,Destructive
4034448a0ab986c7,Destructive
37aff04e419b89ee,Destructive
04276f7b024e112c,Destructive
9e0434f4b0b2e95d,Read
e58d8d473b5913a1,Read
26413d3c56e16dab,Write
10c3554c03b21bf5,Write
410a4d05bd6ad724,Write
007d3cb18c1077b9,Write
4956a5a641ef72ac,Write
a7d77df5eeba4cab,Write
8c9b304b0777603b,Write
810811ee6513ee95,Write
0573f15df395d701,Write
5bb05b9757c48469,Destructive
21de47d3b2d4d700,Destructive
3f132feb8ade7a1a,Destructive
5c64c691e15b34b1,Destructive
78ffc14259e778a8,Destructive
0d0c6728dbdca0c9,Destructive
3fe23727c0c0b46e,Destructive
87e4558b91fc77e3,Destructive
542c34dfe028a3ea,Destructive
c19d52b974c98205,Read
0ab7437d3d6de86a,Read
befeeb32b0a6b47a,Read
53b35512aaef2e14,Read
5a2c43ff8aae5261,Read
f2c5dfe325db95c5,Read
69b7db21c96430c7,Read
a92a87094ce64c97,Read
6cac59e361f3472f,Read
99461e81f38ac508,Read
147d6786607bae93,Read
c413948b95a02b19,Read
3c6e0ef256819f93,Read
b3d658f95bd1d79b,Read
441a56e69f49e81a,Read
8555b5d965e20e3a,Read
bad59a6416e65d7c,Read
63afe37a20be7bdb,Read
a3c87edda20240aa,Read
d6793672ebe3faf9,Read
c87d3fc49b64aa32,Write
d7fd22eafff601f9,Write
3f4cb96d2fa7c293,Write
87342e3694d09c07,Write
1cbc8255cd43a8ae,Write
ed0c71c97c30dd2f,Write
b11386f66f6c6e47,Write
a07387b7fc03befd,Write
f5e68fea68155110,Write
4eb552bb316ca8b8,Write
17a7646c8d35b5be,Write
a380ec8b62bd8ad8,Read
6bcbe21e7917ed97,Read
0d21bb6ab38cb019,Read
8bef0559214a35e6,Read
7b6d4a17c5983227,Read
34cd1ec93334a70f,Read
0132f6d14a8bf644,Read
9f9ca797754a1311,Read
09bcf035efc78fc9,Read
41dbadd1c8b9f71b,Read
77d0f8a13d6806ea,Read
61ba58d6f550b8ca,Read
4222fd245e44fbcc,Read
a0ec046170b22260,Read
2f9bab62ee00de02,Read
42d86b6a51e85215,Read
32be241fc85c5e2c,Read
0d2ce23ab5c72f37,Read
e98d1c92a01ef76d,Read
323e852555d9d8fd,Read
14f798c910fc0010,Read
dbbe32932cef9a13,Read
7e37d092667d73c6,Read
887762d6b2c5f25c,Read
66f48754ca10b9c8,Read
f618445cb4474470,Read
a34c54162046653a,Read
4bb1967836140880,Read
2aeeefd1a5bd8245,Read
89482e50c26d660d,Read
4f99045cb297870d,Read
187c41acc90ff92f,Read
20c39d513f78afa9,Read
1ea397ad8e7a7d87,Read
e06e95d6602068d3,Read
b2be9ab32162d839,Read
6b08096a07c6c85a,Read
269f9047ee6c2c95,Read
c1e553f9893ffb65,Read
6a480387299445d0,Read
7100fb63dc056614,Read
5abaa83f5a92887c,Read
dd18d12e4fe366e9,Read
35067faec1fc6695,Read
67e068a940884352,Read
455c76df81cdeb5a,Read
a209a25d84f57a72,Read
20687caa8f3c5ca7,Read
5fb3f9ea19d6fa38,Read
251c5e07a556f654,Read
fa12394d45ea004d,Read
ba137a2c0365ad6b,Read
fe2a19219add31cc,Read
181910fda8be738c,Read
0b8ae4b25ecdd218,Read
9cf77daf5e04d6f2,Read
d0915b3f45af5aff,Read
b286b5bb2b1c4740,Read
9a2918b16f9534a1,Read
31a1d2fedae316e9,Read
fdba8093f6d02379,Read
0706d69a7cc6ec19,Read
936a0cd00e932170,Read
34bffe85f7232db6,Read
45efe00611f5c2e4,Read
e82eae36a2c9112d,Read
0c3203e93b45c6d9,Read
4c463fd8020507f5,Read
6aaf56618ad9124b,Read
f4571482ecb22eb9,Read
ca91665bd58541fd,Read
7e640b6286b61a1d,Read
264b5fc50f85dd2e,Read
b874d72279e6c9d3,Read
8907b7c52b66c3ca,Read
39b8ffbd7abf1d5f,Read
0aea3e257aa360c2,Read
1bd863cb57cd46b9,Read
580c4f667e3c36cb,Read
c3b77aeeeb3a9f8a,Read
97f3067743171141,Read
7f319fd8a5f65e2b,Read
5652553794c1e685,Read
3722e66a340a7416,Read
b0b371c60d258b25,Read
e0b53c88c36c373c,Read
5c89c327f10cbc2f,Read
cb31ce2b376e7ff3,Read
36020358a1985e35,Read
c0bf1c959b268f46,Read
8408016fb85ff298,Read
1080c1f28b525c23,Read
7aaf02c44e60f3fd,Read
dc602800c534b93f,Read
4f7c52eec1d2e067,Read
b699b7d1990d5322,Read
3af2fea3ca3ef4f1,Read
1c6b3cc85a64095d,Read
42e8d2c2e2435b47,Read
81ccac2237d6ae3c,Read
7d0745e3a2215edb,Read
ae0291363a31f7cb,Read
ef68ef66067b0abb,Read
8202865a23c4b601,Read
0c3b5331ccfe9f6d,Read
ac26ebb1f18934d4,Read
9d241ea73588eb3c,Read
4ca8b3143c1d8083,Read
3dd2dc41304f4ee4,Read
73ae5308e42245b2,Read
64298a952d83502a,Read
b73f7455c1d5b429,Read
8e5e6189db08e81f,Read
125e284a5ee19289,Read
3aad2ded7a1c353a,Read
f89399b5c3136b12,Read
0e03acb5bca2daec,Read
733b72d2dbe1f1f2,Read
ced32654a6f25cd0,Read
fc7bd02de06611fd,Read
4b90aa7e0de712d1,Read
20d23a2b6e2298e9,Read
8af62c923a40d21b,Read
46984bf496258d11,Read
efa75d25c1e8dd72,Read
014db6803f91b1f7,Read
578b43f428b14974,Read
07cf3d1b81efc660,Read
38cd0c4bf90c55ea,Read
f8082b5bf4e0da61,Read
ed3f5571ef199a7f,Read
52d0dcf5ebc75319,Read
8469393a50779f9b,Read
c882883d907e7f62,Read
4bf6f4fff9dd9af0,Read
ea78466fdbdbf909,Read
55f35046bc778963,Read
5d81289e7471c295,Read
082efc1ad6eb1852,Read
43b67d3d6cfa9630,Read
eba4654bf51a6e8b,Read
22f773f795c38601,Read
bf43ffbd9d5d8491,Read
4a20934ab106f409,Read
76182d1a6aeeae72,Read
044b4121bd796e2b,Read
2b8138115e75bf69,Read
d75d8ffa2aa6df57,Read
1f54e5972308109e,Read
9fc8b764ec64eddf,Read
a3712b7a420d39aa,Read
729df288960815a9,Read
5961b96b960c6935,Read
7627c5350155d17f,Read
c8ca80a308969c41,Read
f3cff7396bc57136,Read
7ed4e74cb56a1a69,Read
4ba32bc4f47b637b,Read
09cebd115715fe05,Read
5d3d11899d2a86f8,Read
bf7e24005a328893,Read
1e3de43fb524f599,Read
2d770776750f8a57,Read
7d309a58724e15ca,Read
cab1598269c02fff,Read
624ee87516460688,Read
0b9526e21feb6317,Read
5b750194ad8a8209,Read
200e6886c29f90ad,Read
565e55e85f8f8dfa,Read
0c1481bffef466ac,Read
bb63072071c043d7,Read
9fb42ad2b7cecd98,Read
57fcc5be91e564ca,Read
40690321a60cdcd7,Read
92b799ef7cf97a09,Read
e1aa935ebf73903c,Read
b4ac0898098d94e3,Read
27ec65fc8f2900f9,Read
4a7cdaabeeb39be3,Read
785cd027f6283faf,Read
e00aced2b7d23f91,Read
0003206609361336,Read
dd7bfee6c36d89fe,Read
5ae50bd6f1235d25,Read
c7540e697592f531,Read
5a35610375bae251,Read
f81e207c5d9c4d3e,Read
4a9f93e4776b3755,Read
f246445049461eeb,Read
5170a675a9245e35,Read
b7e64601ed78b6c3,Read
0f88bf69a6331bab,Read
6c1eb612c86fff47,Destructive
6d4e321f8ff6c811,Destructive
a3d563292fcb080e,Write
8a5c3692b4b7b6f6,Write
7ebec49e7b945bb4,Write
e4a46626c86205b2,Write
e9436a8d91e9a492,Write
9841f984db4713f1,Write
ca5e19b86d2be00c,Write
764612970d9c5d28,Read
04f8735f8d1a9105,Destructive
bfbfc2c7b541048e,Read
f8dd15d934ed1f41,Read
2d42763fea460e5a,Read
f2f8524f0140acd0,Write
cfa5805dc1e79476,Read
559102a4d0a9042b,Write
3a5ac7892f1beeb2,Write
0e8aaf1d9bf58645,Write
c47e08a02cd03bfb,Write
0a8603928f7fda2b,Write
74b58bd53d8157fd,Write
7fd1202407c0f35e,Write
bc72683b24772982,Write
8f9da4dbd479ff62,Write
0370500569467ad6,Write
19348c10bb6f12b7,Write
e00bcf0209e3921d,Write
481df539116565dd,Write
edd79b50eabc009b,Write
879f96fcc77c1b6b,Write
87c7ecf3723d9630,Write
489edb40c02eb07b,Write
276099a1e1310a2a,Write
eaa1f605722a7034,Write
48d1fb48dbd12c3c,Write
9c9146eb0e15bd9c,Write
0934d78293b37f77,Write
dc9c07d274219a5b,Write
2800b9cce7208657,Write
8a189acd0f8f3f36,Write
aad74912cafa6366,Write
96af9e2c0f61f2a7,Write
62335c7021a68910,Write
089a5cbea365a1ed,Write
6f0f934986845686,Write
1b15e7d105c5ea7d,Write
335cae53a33b1aa0,Write
e73f59b9c02d362b,Write
4ac794fdb93fb832,Write
1e294a74e01b735b,Write
090ca9aca5e69d19,Write
3d1bf4fdda5f87e7,Write
f1bed2512bdc0626,Write
7ec0e9d9121c4320,Write
68b1c1be426e2ff1,Write
94be6d720004d22f,Write
56ab24129ee38e76,Write
cc7d3378d37c29f8,Write
42af41a5c49fcfa8,Write
8507e9606953e71d,Write
24a856c92b159491,Write
d817ead3c5562845,Write
a52e473228e884b6,Write
bd8969b8c25d040a,Write
72f028fef866dda1,Write
30e3813fc5f8ddec,Write
5248a1a7b7a3ed9f,Write
1face7f8cfecb98d,Write
56a8a87225e89dae,Write
d4cdef497db5f47a,Write
55c01b9ee4b0d72d,Write
28082f27e22efe4e,Write
a142f5cc0576b1b5,Write
16800fafbd367c20,Write
405724b0828e1579,Write
f5a1b295f4f76294,Write
c1c39c245ef28d03,Write
c0bdcb25f5022fdd,Write
46c1ea9e8cb57797,Write
66238dcd0375b466,Write
625d2feb0e31cbfd,Read
75c2fdfdd5a9930e,Write
310cf06d502cb1c6,Write
8a2a22356709eb19,Write
6348fc124d91da9d,Write
081fb3f2ee9b597f,Write
cf2988a78ed04c36,Write
520e54b2bd48e526,Write
cc07d81d52c99dff,Write
7896209390bd1c64,Write
6019b48229b1f071,Write
f7202f27021b107c,Write
d7515598b541ed39,Write
08a3d999d907dae3,Write
c91786d36060dbe9,Write
a8d6eda35fa1ae59,Write
98071d861022067c,Destructive
e4b75a3c7b63a7bc,Destructive
5f985877495d4130,Destructive
7a2a451fcdd69404,Destructive
a7d8874d8cd0ef9e,Destructive
3bc646f60b018a42,Destructive
4b57ed1b229e5044,Destructive
f307e3d489b02c3a,Destructive
bbc6655728db6245,Destructive
439a368e55947992,Destructive
c148213aafee223f,Destructive
b307727e5e15d146,Destructive
a1a046d3b6037771,Destructive
88689f663859e1b8,Destructive
efa985ecaba6be88,Destructive
95ca28b65e4b8668,Read
8bec25ee7efb437c,Read
981a7a1f83a4eb80,Read
5513679d25784c07,Read
d6599bbeff6b745c,Read
9cdac64bed5019dd,Read
eb9a590519b1968d,Read
a1b12d3cfa23a707,Read
a9e7496929056a7d,Read
d8df5469323be5ea,Read
ceb037057be06fd2,Read
a28816f8150b43cd,Read
d5345c27f70ddc6e,Read
2efb8d1a834cd35a,Read
6be46e5c9d775b72,Read
95afcc996561a6dd,Read
99e68a7a4d05e03e,Read
9fd4d1b47c5c306c,Read
757fcc62451a19a2,Read
b1acce4d1da9274f,Read
612a7606de66fd33,Read
be59d22505183f59,Read
c343f80f9a7d6895,Read
5b8bf155c3ac91f1,Read
9db4d815ff49932a,Read
6b22ef72d681e62d,Read
14b586eb31869b00,Read
ead5058c0660f614,Read
6bbd280735f82f72,Read
d979b5a4d93e1613,Read
8dd98fcf2e81b9c8,Read
ddd97d273c8229b2,Write
fd621757aa44ba57,Write
2c263587f31d17ef,Write
2aecc7fc0ed8b053,Write
5f40be36c8daf416,Write
af5ae9b98e919689,Write
4ba5ef6d1fe30580,Write
0102e8fda5622302,Write
396eacf5d16589ed,Write
4052d9dee11acec9,Write
88cfbac34c34ec1f,Write
fe3aec292c77316f,Write
412a61f7a843c839,Write
73669a12862a457b,Write
a949de20c5552e52,Write
d3b12a501d22d804,Write
88c0d9cf707140a3,Write
a5090dfa30f15585,Write
3b9d7370e9b42128,Write
42a9126984706f49,Write
02ece73ce2f760b0,Write
33d395ed18b02be1,Write
7150a1eb130ca7aa,Write
4bfab2ed8d44db3e,Write
1a7c8d8e9c61aae8,Write
eee1c2af91494dbf,Write
266a6d72bc3214d2,Write
2212326b24bce2e2,Write
c7336d34828de5cc,Write
7aa26292e191ffe4,Write
82f0e2d395fdb43a,Destructive
0e1f2503cc2b6ee0,Destructive
2436a6526e25c410,Destructive
2bc6316b5a89b2f7,Destructive
e96baa581807a098,Destructive
67dfc9131f4fce71,Destructive
0f77dee814579f95,Destructive
2b0cb75ab585360e,Destructive
435b428a82696d49,Destructive
71bc67af1ce9ae47,Destructive
dd53e2113dcbb50c,Destructive
74b663cd9f3a1dcf,Destructive
6eeb11ebb39fea23,Destructive
db58669de95af3cf,Destructive
2f7c3ff66c91fd85,Destructive
a94a08c6ddb3ffaf,Read
7e7b40b7a413908e,Read
c89d8cba9939d3de,Read
889e40cf71674f51,Read
38f5b059e922d07c,Read
80f9115adeed1b0f,Read
33480b481a08ffea,Read
700d8fdd1e6b6d67,Read
563c01e434c2ba98,Read
ae1c28734eede2e3,Read
6b0c0af8d03a47c4,Read
66e6cc6e0dda1557,Read
b9256a67cd0938a3,Read
1982c5859af577f7,Read
e0841a0aaab00967,Read
28c116853881ca8e,Read
3eef25f032317692,Read
18fe2c02e902bbff,Read
4b8eb094c3f96059,Read
7a40fbd313749f3c,Read
a64a12514cfdd251,Read
6bdecfb43171e2dd,Read
aad3b9a13f89fd1e,Read
ab1a60ba41ffb5c8,Read
3b42e441d75eaecd,Read
40827dc7e5498bee,Read
42611ef0f27cdc04,Read
7de4f3ace2ec4d42,Read
177fa8e422294a1c,Read
7f36ae299f749879,Read
7decb334d75935b1,Write
061a855291c3e978,Write
fa1ec1c755ac585b,Write
50fcb0c4e2a7199f,Write
b71d5b6d02a8397b,Write
6f449fabe9e7bd65,Write
58f2a54317887c3e,Write
aff4c74f0a3d9bda,Write
6fa66f7f8c24f495,Write
80d26498f70bda34,Write
4a8f76f01a09a71a,Write
0802f4079c0cf71b,Write
d8473b3116a6b0ef,Write
6797fe6ffcc5a13e,Write
cc7a4b9c3f71a6aa,Write
4e12d358344af353,Read
f243681eef1dbc12,Write
530a263835199198,Read
dd7df7f379c574c2,Write
71986bfe6520c567,Write
c6013cfba3955701,Read
81afb39fb23669ab,Read
95308e4557332935,Write
17a1059253e8d8bd,Read
ca4c240119e76917,Read
0cce0f891bce0ac4,Read
9f9de01b1d189869,Read
c704a06a2a810138,Read
43a0db98db522755,Read
ceddb956bba5913b,Read
b4660c506fe38b1b,Read
47f5c7eb9ae3cbab,Read
b77e31467999de6c,Read
3c37e33b687bad7c,Read
09c457f616348c76,Read
3a499a16a0480b2d,Read
8513ff1f18016eb7,Read
aac3f43cba303486,Read
dccca725d64fc9c7,Read
872f6e55f3c660a7,Read
d2b067f19af48f2a,Read
9aeffef67aa764c5,Read
32347d9d6d299010,Read
ad09b0558aef187f,Read
397c9cd9f3d9f747,Read
cde44b88b2918d52,Read
b1f00d659a39c47c,Read
93d7a39eeb279dde,Read
b48eb6b64d536f2d,Read
71db3aa61c095430,Read
55b50fbb6e4cb7e6,Read
4148a5bdf2b4a277,Read
2b5c88128e54decd,Read
28e766edcde7e033,Read
676ecdbf0cbf7eb9,Write
55a62290d7763c8a,Write
5c0f7c2076672c44,Read
de2cb37b883c9617,Write
7c685ad84abacfaf,Read
629371b7f35ef90d,Write
5fd8f5b11173a441,Write
ee4b2c19a639d14f,Write
4992719867e490d3,Write
0307ac63ebc2add5,Write
4ac95b885685b93e,Write
60402de339fd99ff,Read
ab8d96e6f329124d,Write
629339002154f987,Write
b08a86fcc904999d,Write
896c01662fcbd0c9,Read
14716ca797a34486,Read
3509f6c4422ed114,Write
6c225bb4158c74d5,Destructive
0e3fea5dd073ddd3,Execute
9d468fa76ad7dcc8,Read
ab196c2836edc382,Destructive
fca8c7d4c4430636,Destructive
36c32210ba2a4e79,Write
431309bae5953f08,Read
dea443fac0405977,Write
8d2071d7b86ecbcf,Read
eb53f114af5a113b,Read
c2a0a4b703ec7f60,Read
4a58118979651fb6,Write
5b92a56dc1fc789d,Write
ad31a43e6d878efa,Read
e424612c8e73c9ac,Read
de30daed00e6ec65,Read
c180f3a976953745,Read
2eb21efd208531cc,Read
d9b2ac64b79a810f,Read
cc27f34bb652f595,Read
9971c9868c6aa132,Read
e156169c0122caa3,Read
fb20bf1657069ca3,Read
6eb2f3ab0550e983,Read
268398410a362a43,Read
f2068426a229ce0a,Read
76c6ee94b855d90b,Read
1227a43430c37968,Read
495e58471d2fb6e0,Read
6c23a3ce38b9bfae,Read
c7f995f095ea5db7,Read
f5ab4fc1d5bf40b3,Write
0c5e8da82388325f,Read
5cd0f9991e641f5c,Read
3af507848eae1c8b,Read
a984c0748382f368,Read
14b7d8e502bf4639,Read
7c34d56d4a58c8a4,Read
f5c381140cb4d183,Read
17323349718c0e00,Read
edd52baded9ca68a,Read
d97a5931f08961b2,Read
c08226ddddd26dcd,Write
ca50dad2e6b57a10,Read
8814ba23198f9566,Write
2c9b5d698271f9ab,Read
557cb6e34af992dc,Read
acfff3235d8c2340,Read
d408427970ac2dd7,Write
48fe1a06bbe43f37,Write
4b22f88910929bbb,Write
9fa951c49ba5a585,Write
3dc44c667397a70c,Write
f76cab65312371d0,Write
074e32882fa2de16,Write
3ef7b46bce0e5272,Write
e55e26dc76f33090,Write
82f7bf4ef3c9c27f,Write
55a3c4bdf4971e32,Write
2ddc0a95d64cb9ad,Write
98ee5ebfd4e12f0e,Write
9b2c3eb86c507533,Write
74a6a39b26e2ff39,Write
ab655faf5fd032e6,Write
8bc36285662077c6,Write
6db7a7e1f3fc1981,Write
e011ba14130d48dd,Write
5213eac58e9b5992,Write
ff224121ca6b40a0,Write
abf132dd0de3b469,Write
a8f5e9e6372ff1c2,Write
b3adb1d04c9fe0d6,Write
90ab787e5a9a4daa,Write
e550c7973eb330ec,Write
2d9e7aa16272c370,Write
2d22926abe6daeac,Write
0c31f7f076f149e8,Write
e7aee638f2ed5320,Write
ecccb469a37fc74d,Write
1b09c115486add99,Write
ea6659cee8f5f008,Write
b3a5d68469903996,Execute
730ee030bde872c7,Write
1c7dee9d4108033f,Destructive
092a8d0c4844b710,Destructive
7593ce6e1ff11d68,Read
39261ddab2b86f13,Read
20ab27490241d45c,Read
0ee05d4523f33b0d,Read
a0c5918184791b43,Read
df2f0ede81e70593,Read
1e28ad9f767fca1d,Read
65267a490b498268,Read
cae0d5d06580d9d5,Read
b4444155b3ed39e6,Read
aa74b9f95b0b08c7,Read
fd54b2eada174450,Read
f1812501f9da4f96,Read
c22986becaa0bc12,Read
6295aeb9b5207a80,Read
96ce48deb3d6209a,Destructive
b3f459b3fe102a9f,Read
bfc4768e8768ff5e,Read
cba9bcbb25251cf9,Read
b201d92362c4ce7e,Execute
1fda0762f68c0fb4,Execute
e59647579ae20dd2,Read
daf37ce8cfc24546,Read
ec7a32f7ae3d45f1,Read
c7165b3bda785480,Execute
ccc55db7d5e60cd7,Execute
571fad1bf3cd4fb8,Read
b77e4bd462262b13,Read
88e801a5a17edaf5,Read
7da078477c4353c4,Read
92348149141377dd,Execute
ac2e9fbd31b9ecc5,Read
ea416a8b664a7358,Execute
ebeb6a1de5f93d90,Read
6949f934d7180775,Read
9451dd5fb2245115,Execute
9a0fa4cb803b408c,Read
ee819e37b1fc084f,Read
f1ee742b06792713,Write
64633c13692695bd,Write
8cc7d2518c154c82,Write
43825e2109114530,Write
cd5a77215244f920,Write
b4c12338ac4e5e16,Destructive
2496fd7b5191dd37,Destructive
58e5464c405b702b,Destructive
687f3a4636441689,Destructive
4411f5cd4c4bb14d,Destructive
3bf7678c4d4d4755,Read
48fd0cab22c8602f,Read
b4ac9783d71071d6,Read
82e5492339cab72f,Read
1c21919b28401b91,Read
5f2c3c31f1238956,Read
8cf980b483f23dfa,Read
142a432af38c66c8,Read
35ca4a8abd87feb4,Read
5b8a9e1d441db893,Read
441294299aadf9ae,Execute
c99fd37fa27bc99a,Execute
f5ec242cdee26c1a,Write
d5ffc57b9ba1066b,Write
2853aa8aa8604f79,Write
e051621063af322d,Write
81fdfcadedddac74,Execute
78b6152c878b1d77,Read
2dd54a2724063316,Read
08263074dcd48d71,Read
8edc33d1c6b12b13,Execute
0526c975d4da2f9f,Execute
5e3a3a954c400cdb,Read
9cf2377d8c50ba16,Read
ca6645925fb97330,Write
23b4246b1e123ada,Read
e0030231f0fbce20,Read
aae535ff84af9fed,Execute
0e2e83e65f80a879,Execute
09036fff4a63e68d,Execute
fba54f7077cbe59d,Read
cb1e72d245dbec28,Execute
522de11f77d47ba9,Read
0e28a1ece613e40b,Read
f4ac9269b7313397,Read
42b657b4dc34f22a,Read
a59be6a535bb5784,Write
3f2ec759ee805dc0,Read
edb43d53e3a285ff,Write
37bcaecf4164bbbb,Read
db424f22c1ffe4ad,Read
3c1c96198cc85818,Execute
78acd2745cd773ea,Read
243ee467bdac55af,Read
3564b7bdfbeedcf9,Read
f3dd4f6b84cc9ace,Read
9e263073c03a57d1,Read
3c36a4c4f6736b65,Execute
f7a015ca8be82c72,Read
7c21d57e71e98814,Write
e65b23d064f16170,Read
ea71b2fcd120bca5,Read
bccec9dc8e0709c6,Read
6de069240e77091b,Read
f85b17baaf720459,Execute
c04b1af758703e64,Execute
f8b5d7c576aa0e5d,Read
e2eb7d2f1c719ec4,Read
ae50c4c8f3ce84c3,Read
f0a3ad7962dbe9cd,Read
ad28d9db2946494c,Read
35e18cc293f45c3f,Read
483b5bfe9cfc8e66,Read
411db9014bad5162,Read
7872825905b8921c,Read
65f28c2ccd61e095,Read
48b88817df520959,Read
7e1079524b52c879,Read
e014cc7d02974752,Execute
69f7cb84e4751401,Write
54fb746c90ed9de1,Write
6eb64058d74d6a29,Write
5c0ca23404b18045,Write
5ca3dc60246dd0d7,Write
4fda5a4890a57df9,Write
77f91d2e4a37e40e,Destructive
aedad59aebf61e3e,Destructive
4d7ee0bccc6589d0,Destructive
8a97afeca74c5200,Execute
aa225055e242dcd7,Read
ff275fdfefc3ed65,Read
84ca5e079fa39f1a,Read
ecbbcb94fbd3cd69,Read
f94438d36800ffe4,Read
eb8da928c05854f0,Read
57559c33f3cbac43,Read
98f82bcafc1bce95,Read
eff733887e613246,Read
cb2c30bd5086228c,Write
c9db39483def3073,Read
ea4460a8b1586e19,Write
d4c96210ef2a851b,Write
70034120e6e57569,Write
4038897fb0d4e670,Write
09112010a5d29fe1,Write
5d186b521d592566,Destructive
89ba77a103a6a4f9,Read
463c1e79a01823c4,Read
e276c4f7f835cbd1,Write
9889ed71c82d1f65,Write
b2221300e23d1ac8,Write
4099d37c616a87dd,Execute
936d5448d51253aa,Read
7945ea5a3905b066,Read
de2d1be664102e2d,Execute
d26cb55a7ebc8d33,Read
c9028e1eee98bd5e,Execute
36ee67ac40c1b603,Read
dbd7cd54cb6cd912,Execute
b28a1429de9ef89f,Read
dfe91d63b0dd17ee,Execute
c018a065ded6b548,Read
2f74c15296d0c512,Execute
3475c5a318283985,Read
dc51dcd71213d79d,Execute
db9803c61e79e8b8,Read
e8cf8a6530aac7f9,Write
07e70a988be37535,Execute
ee5d9f7f1271625c,Execute
2eca29dd8641340d,Read
3f337f94b5914ab1,Read
e27a7536f69e61ab,Read
c0fea44fab375ca8,Read
0faa903f752eedd9,Execute
3cb0aa91072e1b43,Read
1121d8dc92c37b95,Read
6153102f0b2a9bb5,Read
e0f9525deba7c7b7,Execute
1c2fcc5fcb3a80cc,Execute
90e3d3804ee855d4,Execute
7e7d6ea13804ebe2,Execute
7563a92ac7882b7d,Execute
0416659b2acf7621,Execute
55ba98bda0d65b5b,Execute
afcf5e98a5402d51,Read
b60832408ca3c254,Execute
3c4c2965aae9331b,Read
c1df82006fcfb46b,Execute
a6db1cadea9e354b,Execute
9f0bcc9c23ebe493,Execute
986835a237710516,Execute
bf2e78f3f38b6726,Execute
a00529f7cb4009e0,Read
2b6f927256af339a,Execute
db43ef61951498a3,Execute
6cca782c0ccdc986,Execute
42cab2693b41d272,Read
4e1f32101caa277c,Read
85015a31a4fbb63d,Read
74914b5479ec20f2,Read
fba7980c768cbdbc,Execute
1a07f63a42ec5248,Execute
b8ebb9196ad73031,Execute
53bbae443518f6b3,Execute
d78cc563d61eb1b5,Execute
bab0f8ed25e96c75,Execute
ed3794ed70ddc9b0,Read
08f364814f404732,Read
8b29558255a25fe9,Read
7c9fa2fc3d5b1fae,Read
5928f12a1506fb94,Read
cda432de4483db20,Read
19099b7b05f1c90d,Read
6549cfd01740ca42,Execute
1dd720330ac21a16,Read
3c0317343f923eab,Read
aa164a7c55931632,Read
169250fde6c21dcd,Read
ae8d383b48c5c1e8,Execute
1d83bce407406b8e,Read
af86a6f88f5eb2a0,Execute
d7875e4e663da5b4,Read
c3868b5ccffebf7c,Execute
d9b938dd2f54a311,Write
117bb6f860077570,Read
b2b4f24361abccbe,Read
984ee3cb3f970535,Execute
8677de7fbb1fdc93,Destructive
02e3112f77cc817e,Execute
39e5b0fff5339c70,Read
4793bb579fd19923,Read
85e8d03efeddc4b2,Read
c1b3755278d25de8,Read
d7acd1131642a424,Read
6709213f276d7e05,Read
e5b0eed72d33cc04,Read
6b5afbd8bbfa64c4,Read
199bc602c17ddbdb,Read
f5db6503a07cc8b9,Execute
0986d796cac30c23,Execute
a8d5090928c239b1,Execute
2a23023e26b19172,Read
30bc61b9564c24c4,Read
42a246a63cdfab4e,Read
6b09c6b88cb5c614,Read
fff185f3782baa17,Read
cab35c49f84657b3,Write
2573441d6846ae4c,Write
414a83c307f48734,Read
1b595abf963463f3,Read
1274ca8ccec2c510,Write
0521fa0156f17375,Destructive
2b7a79020abde2f9,Read
44bb4b01652c5af2,Write
be3b20aff7571f71,Write
537e64d938594434,Write
cb307fa3682c239d,Write
9a348b7710fc19a4,Write
89c0b8f698e3a197,Write
cf43c18ff87b74e8,Write
a3f810f813fb5dcd,Write
b46abeaf8c574971,Execute
17ebbd96b7a20aae,Read
19234ba2818d2d69,Read
3c71c87963d758dd,Read
a72099115e641a7b,Read
10bc3a6c1576534d,Read
fd1d4e599bc0b81b,Read
391f88d5ed20ab92,Read
abd6441b01493fa8,Read
7d5481145b02e4c2,Read
ea7ba247a8f40293,Read
8adcef1cb5c8fc92,Write
7cee27f8bcadf417,Write
89e7a6b2b010dd20,Write
2ff8d7305fdc59b6,Write
98dfa4881da373eb,Write
4e983b7f3dc0742a,Read
c89f7aee855b6ab8,Read
54b8d0e21c29e122,Read
fdcadda8e3876451,Read
ccc8e5f371070de8,Read
7e51d15f0d5b8ea1,Read
80a96ce2f82616f0,Read
f9d8d7c2af2609b7,Read
322053f343441ef4,Write
72dd64692f432588,Read
487607c6039f21e8,Write
2b1341527927b395,Write
700f909e65a3e8d6,Write
0004d93ead310d92,Read
a6a8c1b9e38d339a,Read
25390887d0b43ea0,Read
508b4b0ef827cb32,Read
912a090d195c5e68,Execute
644b2d1029cb73f2,Write
08083585aa98020b,Write
16af7819ddf67d0f,Write
e8bcbbf838ab6e83,Write
e06ea4e8fd5c56da,Read
4e9cd532adc5642e,Read
0a0bcad2a94b9dbb,Read
123fb8781baeceb9,Read
9b406bafc33786c6,Write
fa661d58ee2e2e34,Write
d00caf5ef2de0625,Read
fd90881990962152,Read
5d6a39652e4be4a4,Read
6628214c8c018e93,Read
41c314a7c57df070,Write
1079bce56c58a8a1,Write
c738392eae9ece63,Read
bf0b485bfc7c0905,Write
4473d4cf9511f076,Write
eaac427c1c088cc8,Write
9cf5c49e238aa6eb,Write
28856935779ba946,Write
ac7141931be8002c,Write
ab87fd8923a28c9f,Read
a5b37a37966144b2,Read
92c7d6a7112c3922,Read
80b9f3a694269b1c,Read
5ae6fa4c7b133709,Write
4ec1f7741d3f6e36,Read
50ad8cec67298ae9,Read
48a396f52507a2e1,Read
16abb97b48b2fa8c,Read
689301b90d7d8ada,Read
5525700df6212327,Read
a37946b61a6221a1,Read
90ce69adbb56543c,Read
c81da286f3fe8329,Read
927d26c536440f9b,Read
ebdf06d33232f493,Read
cafdfeed56faad04,Read
2d72ab3606011905,Read
960fe4def16fa2c0,Read
1e37bf3cb00764bb,Read
1d75e87c7becb77e,Read
b1fa1f06495058fb,Read
09f1b18ad31e74a0,Read
c6ce90445818e614,Read
aef8973637590393,Read
cb10a028471ac074,Read
32372c0fb956b010,Read
6439fa4807e47970,Read
c66a5f7db2b563fa,Read
648251cae7ed86b9,Read
3a908db48ea86d22,Read
6aaca9a14eb11c35,Read
925bfcfc0a72d856,Read
971e3c18ede17994,Read
ddc3115e1d524167,Read
c7334bae9533e78f,Read
88213e550b9dd370,Read
2e7886e8ac9905a2,Read
a71d98ced292f60c,Read
1376094eb02f8ed3,Read
e6b5233fc8b282ee,Read
7383c8141e9a912e,Read
10d108bd551d8ff8,Read
daeaa9052c4a72f0,Read
9e5f61d957e583f3,Read
a728f2424474af64,Read
eca8867e6606abeb,Read
152d43615e287ce3,Read
40c4b024948003e7,Read
c7de5975ef73ca76,Read
7576192f9f42e77d,Read
d62dcfe37a30bfed,Read
0792c2ac832087dc,Read
23de6719825628c0,Read
1e1749e2b69d8251,Read
1918ddc9a6d03334,Read
69a452dee2156d87,Read
8ee8c388eaba0ca2,Read
7f17242f32d9529e,Read
5744e169d323e962,Read
11d1abaad9c789dd,Write
5d8df66b859d12cc,Write
b3af59c825cf1ba7,Write
38aa361691b603a0,Write
63334e6441f5d98d,Destructive
b6706919529ddfe0,Execute
c2a39e91aea419fb,Execute
523e987043f1487c,Read
8ed06f34bd87b89f,Read
caf155bb49b9b67b,Read
69dc50484a018846,Read
f7a04c36d67b4063,Read
cc632b85ae400870,Read
78db9ad82580ff80,Read
ff9c4e58c26e67ab,Write
9996131e9770bffc,Write
dfc05e10a5a7f02d,Read
db9f8b11b3187ea7,Read
45d14ebd88bb4888,Read
ff0589b2a9069f00,Write
c764af386f0f009b,Read
f000cb6cc7e9c3dc,Read
c5e2acd93815ecbc,Read
9da451ad687bec39,Write
efcdf9549fd7052d,Read
c2eba9245b66de80,Write
8167e496cd39c7a6,Execute
f1bc6a96794290ad,Read
b4d623daa7a4ac98,Write
44762810c61a223a,Read
fd920c06c3dc7d01,Read
e0d859ac6881a3bc,Read
b50bbb493e8e776b,Read
1a7169756ff9f639,Read
b3ad37d0b82b61b7,Read
40b6596b414d26c5,Execute
0fc4a1c5cf169d33,Execute
facc2930392d9317,Execute
81589489382a9b53,Execute
a4486234f584a6b8,Execute
5c9e61e609549f7d,Execute
d8a1f86344929165,Execute
8fdd3d98acd699a2,Read
d63a67752e1d5ef8,Destructive
0656b3761af7434a,Write
d5b9d59331b8cdd7,Write
1cded8e22a60a88c,Write
f56c81521231eeb2,Read
49a07c72be54eb35,Write
fc3ea9380f9d4f00,Read
a079c6a83a21a868,Read
bdb6c16c7f81566b,Read
5c495dbf16fff0cc,Execute
6a04902dce86af76,Read
f7dce7ec5a4fd6be,Execute
3511876818e7f613,Destructive
7a2f5af3230d835e,Read
b7735e2e75004d21,Read
f6505afebbab80b8,Destructive
23db56f3d4183fee,Write
f7e73667778ed0b8,Write
c78db3b6e267b6c7,Read
54f394e84b5f2ce6,Read
626735bbe248e2a1,Write
e33f930e967b9a8e,Read
a19d7e0706c2f466,Read
1f12f2e356f3ff37,Read
8bde8a262ff210cb,Read
3dcd5b9815f91de6,Read
be20b2a00ee6ffd2,Read
fe1d34d2db0b0ebf,Read
b656f20a1a350ba9,Read
b12b7191926b2133,Read
f07d9dd974c7879b,Read
1e32cb11c90f6857,Read
bea36283bd95ec87,Read
c5bb7e950813a5a5,Read
69ed37b480b6d1fd,Read
2341d56bc3b75806,Read
62aed92dd2612d49,Read
2ec6ca8e051d16d9,Write
e75db655cf7a2f4a,Write
a0b1a6d557e09315,Write
36251f138d35c29e,Write
6a089deaa41bcdf4,Write
62178ba2cfd8524c,Destructive
0cf422c9892385f4,Destructive
195c8134c9a0c337,Read
e308bc0fc98153c1,Read
6f375c311cc7ff60,Read
db577ae9a97467c9,Read
22106047e434a9b9,Read
c9ad95a1fe3e4889,Read
00676f460bd8b9c4,Destructive
683298a4b36c4b23,Write
2c30ab00f71018ef,Write
f60ce6c1318928d6,Write
32eec2730cb60cbb,Write
719ea3c4543251ed,Write
c2e7f9106a0e72b7,Read
6565e8f94657ee12,Read
a7f6c2e5925170de,Execute
efea911da5a4ddcd,Read
8b346f32c1d1111f,Read
f65b3ff9b5f91605,Read
9a83d1fb827f4f91,Read
80a380a18eb1361f,Read
7294ce0c1e0d3715,Read
fd5db374b295912a,Read
a0e90e30db28a9dd,Read
80049d361fc0424b,Read
671c58417006ef91,Read
9e2ad4a941ea11d1,Read
425bf8e7b2738441,Read
ceb7d53dcf069c6e,Execute
3400bf046ab05329,Execute
56aa92984aa7b8a6,Execute
d1cc48675d8ed7dd,Read
8aae01d82ad13009,Read
27f2f1d94d04256f,Read
91af4ec692105be7,Read
ab304ba7f7a4ded4,Read
6036123a4fb56f82,Read
3b1cdb7e8dad54e7,Read
5857586d20f16d2a,Read
4db35a9c9f8c72dd,Read
9f42b82b633ec9bd,Write
ba8175eef45e5e75,Read
b9684ca39120f220,Read
e5a693dd70a25d66,Read
bad9e844f0fb0929,Write
3708022928fdecb0,Read
b2af99bac57da24e,Read
3ca379a4a5f36b5b,Read
b968417bc66fa16e,Read
65cfa1145d35d1aa,Read
d5178217df839b33,Read
a4c02127f2ef41e0,Write
37907047ba7b9eaf,Read
147206147ca745aa,Read
9c85e8e1984b6cb7,Read
49c3272383584b18,Read
3aa03b767d2fe96f,Read
da4ff83cf03fa00d,Read
5c30978562eee215,Read
5f91330f55d5a2e8,Read
3c3d671a91133a20,Read
a632dcd5d3939754,Read
ff04179fd95c2e2f,Read
3293a8641bc77f93,Read
45a2dba740ef5e93,Read
a5ccc024f5b5ffa3,Read
aa857270340ba97c,Read
1e1aec46c3202508,Read
a0f38c979d3d5736,Read
469d53130269be73,Read
7509ed49a5fbe9ce,Read
0d2aad6f1ad8a8f0,Read
0c4cbba062064d18,Write
b45a81b93c8b2e8e,Write
3a441a57c56a7b29,Read
aac0d37cc7eff6f0,Read
1d5db7a3aa5a84fd,Read
2a62957db7b796e9,Read
6c2d8f3ce2ebdef8,Read
a9d24ac4458175c2,Read
3cffc0caa3b2cc00,Read
2b0e3a3c68b3883a,Read
63bf4ccdb153c740,Read
05d162ff40bf1fd1,Read
591790c9a9a24e0a,Read
ed7e7a67e4bff907,Read
a284387edfb68485,Read
e8464aad57fddbf5,Read
4d20a78d4405f938,Read
6178f37603f78d9e,Read
af873a9354aa5c89,Read
54ba9380119a9325,Read
6637312e068c0ca3,Read
d65b1cd4d1a7aa28,Read
cab468855a4c4d75,Write
fddf8c68fab6212c,Write
f933b9c613dc3f67,Write
7261e607f1355387,Read
148fd193a66b7449,Write
10f68f278fa16345,Write
923ebe8aaecf9e53,Write
639413376dffaf78,Write
84474074dee40fa6,Read
26625732cebd027d,Read
c6c902705d4b8026,Write
f7d3d9a1eaf5feb3,Read
e6c2bd4385099a68,Write
29544b2d89a08ee4,Write
4a2274ec145deecb,Write
5703a5d22f92b7e9,Write
aa8a01a31b457542,Write
36b79be739d96474,Write
d00d0f763d8bc544,Read
ff5f1d18fbdf8b3a,Write
851bf0f1fc5eb3d6,Read
eeadfdd5f3034590,Read
b2938960fcb323eb,Read
8615f802cb8060ac,Write
7de0037fe8870e9b,Write
89a82a5b66565886,Read
f8398a6a80ad696d,Write
cf962e0830087089,Read
b2d92c03775373a4,Write
a8b335c0b17800e9,Write
52664abf47e11214,Read
ffcfc4e12f0a9361,Write
6ca8ffc7607336c9,Read
7a1ca266bb336147,Read
eb9fb9b23e26fe82,Read
9255032ff2570bcd,Read
f71e857e536e6824,Read
ae89b03828fc5b0c,Read
d67b651a5c4f7e5b,Read
1945d399421c517b,Read
795a730f4f96b8fa,Read
e0c1c5e4fe02dca3,Execute
9045f9baa2d80837,Write
dcf6eb7b752dfd30,Read
56d2ac759992b882,Read
2b842a972b11f351,Read
b6071f3b41ab647e,Read
3cb4a2ccdbeff1e2,Read
98f94a82ede64517,Write
a2d3a147c6ebb1d2,Read
72e3b11b4299951f,Read
b1e55ce749265c67,Read
24ebc3deb048e1b6,Destructive
50eebec222e28585,Read
bf19b3f67af1dc19,Destructive
047a37fc723a5814,Write
e0a1affba68510c2,Read
078f12f5830cfebb,Execute
6277f3853e6cff7e,Read
99a26f1873888999,Read
bb90cbaefc2641ab,Read
b806de40d6d71f99,Read
baa9f23db04ff576,Read
fcd93baf2e0dd45f,Read
0fd0ba9bf34ae845,Read
be54f471be06dbcd,Read
94f3cd84a135f380,Read
bc6273bc5d5624d9,Read
b669b5d66f0b6731,Read
4d625303cca95be6,Read
262ff5ac420955ba,Read
3a5dc90e99c9d9d3,Read
b29e3c89da9c6867,Read
e52f29ce5ef3708b,Read
17366996f5521427,Read
2f4e8cdf52594acd,Read
d72494a79cce0103,Read
d87b60977f933f50,Read
1409950c89392f79,Read
a16bb72a11154a9b,Read
aa29d30554c0427f,Read
d9c21f007529ab22,Read
a6bb55c946e097db,Read
031a570f5709806a,Read
19d538e0948cc09b,Read
2970372ae2a4fbd5,Read
5353e683d0aba2b6,Read
ebb5e0437dca9321,Read
add57c71f7f2e0bd,Read
0c6a9c095a35e013,Read
dfa94250925c8f1c,Read
0c1ec8e8170a02fa,Read
2c39e02f9b7dd6de,Read
262399826c7656fe,Read
c5fddf19a2b0b64a,Read
9ac7b3e42547430c,Write
d01c2381e5671d5d,Write
f5a947f7a4414318,Write
ed696a6e7886cac0,Write
fc97ef1cb5a39c11,Write
da192de550090c44,Write
b564d83606e2ffd0,Read
130aa4d59f74d8d8,Read
b8da971cc819d358,Read
48cebc15707dc7d9,Read
1b1173c33486048a,Read
35f1aa06a9cbe120,Write
791c30cdd14845ea,Read
6c415575f4fde775,Read
fcc5df70e4dd3f51,Read
ea1d6b06ada276da,Read
1a9945aa2becd940,Read
b81b3230c4b189cc,Read
633814359c604ca2,Read
bcab3908ada13cbc,Write
384ba0b56fd95bec,Write
b997583cefeec054,Read
0cc2d4d786acc5f8,Read
155e3ce39b216c83,Write
e278dcd9283633d8,Read
9bf16c6cf2dcb619,Write
3294d368bbcac3c3,Read
1895135ca3f665e6,Read
b29280c061d32088,Write
7a540ac94f2118b3,Read
09aac63edd8e2e4a,Read
ef117f8b24764fea,Write
29cb574276b696cc,Write
0335edcff5a3aa5a,Read
03a1f3cf2fe11859,Read
0e0f0c4e45571765,Read
aae2d52db9bc477e,Read
e41c3afbd4867db3,Read
f10d758cc980a817,Read
755aa1a3aed87aed,Execute
2db047a836d1a46f,Read
1461994a275211b6,Read
584c5a449446c11d,Read
549cb85d54a7c819,Read
8169acb1403fea26,Read
ebd228c99eea6d43,Read
61932f96837f5ec7,Read
6f246be9c74d0204,Read
96df953a39c168f8,Read
d43fb8cbc2294c37,Read
ef692fc82a53f254,Read
fcd829f354f063a9,Read
c8fe97705e918a2c,Read
77fae8837624f818,Read
85d24bcf7b42e201,Read
372881ea3dee488d,Write
2e5c3ab2508cfe45,Write
0fb1f544d31240f3,Read
96131a4e36f0d7e1,Destructive
4e19ed5170f0db43,Write
6fffaa85d5a1dcdb,Execute
501e3f53695c75e2,Read
e53a0c14366ced02,Read
aa35de2abf5f378b,Read
053b5cb801e81241,Write
0789533d8a33af80,Write
c833c8d45902804c,Execute
c9c6a18df2eaaee7,Execute
785689e36ea63b1f,Execute
934d6ede9fd5e42a,Read
8920aa75ff523fa9,Read
b819db122d824785,Read
0e0ad5e2046d43aa,Read
75bdb86bb4e39704,Read
db2a50119d760470,Read
e98f38471e03fdb4,Read
ad1304ea6ce28f6d,Read
e784f56990e04aa3,Read
8ef286fc3c51f18a,Read
f8862585dfdf1ac1,Read
b6c18c180c3342b9,Read
3feb3000a46eed3b,Write
721ed3b775b4db7f,Write
365f23f4613c264a,Write
62cea060abab4950,Destructive
a27f4fa98fd7b90d,Write
4284760deb091989,Read
bb3d65a0646ee757,Read
5e9429c08461bd86,Read
01168419552a13d7,Write
c8309f7b65b84c4a,Read
1b6be234b2803845,Read
133af4f2d92faf43,Read
27770bce88bfeb19,Read
b04d96888eb4dc10,Destructive
2290e83cd902e997,Write
7b30bada21ef11bd,Read
174aae7b811a652e,Write
e25b94eaf13c4119,Write
aae2d6808f123b91,Read
140aa049d50e4129,Read
6da61f3e6cb687ec,Execute
019b7cf5bf3f2da2,Read
2cc326536d27a5c0,Read
3e5a0cbfc25d3680,Execute
918ad5f2d80cd498,Execute
0505c5e4b91a9167,Read
1fd7470d836b7e59,Read
e6a7ec7ee7244aaa,Execute
4d58d2fcf407d888,Read
712ed8880e743c46,Read
ec4b794b0640967f,Read
acdeac31b3375662,Execute
b8eb4f487b0e7f12,Read
c5a4b51851f4a6ba,Read
3a44b3e8d31a4eb2,Read
51b32c0d2398e89c,Write
7763ebeca7382dd1,Read
136694f547daa6e9,Read
1ac2ee055495d641,Write
cbac385d2d580a0a,Read
684b4be686e8bded,Write
8c5ca6223ccced23,Execute
f4ce69a192d00bc1,Read
07b6009c8bafe585,Read
402d30293caf9a4d,Read
5e9b61dd827094af,Read
56f0d061b3232a07,Read
752bdd00d0b279c5,Read
ee8778171c999576,Read
9320b15e3f2883b2,Read
b87c0f22f1caa6a8,Read
ff6c328cf6b26261,Read
65cd949ee35fd768,Read
77d45ed4fd06938f,Read
bcb3f6f156e9ba38,Write
fea9e5d9b2846141,Read
1cc5789be0829b6f,Read
0f296e0ca8adb0c4,Write
1836279f7e6e7059,Read
32a98ba47ebcd0d1,Read
815b07290b2ac812,Read
f89dad95c9f060c7,Read
c83dc6d6e0689db6,Read
bef0331d9a3842fc,Read
b3d7cddd5db91965,Read
66ee3f422897602a,Read
a77072db2a7f4a3f,Read
147193a9f4bac049,Read
05eb4edf259a56e0,Read
a10502e774d7a732,Read
952a4a7aad1e3003,Write
f46b9d028e242ef7,Read
5a9e23255e462bba,Read
12176fb92410ac72,Read
b74ed7ddfda4d392,Read
4ee72e6e6e1da025,Write
4e2adc48e58ed6c8,Read
cde5a63d68b0d913,Read
1d75b47b993384f2,Read
1b81db031b7e33c0,Read
b77f3ea578049743,Write
669e664096b525b1,Write
41178ef983a7e891,Write
037a00be1f731401,Read
4d469e7c51c1e1f8,Read
86fb7f703e30597b,Read
6a4af7af22178bed,Read
f0d3cb2dab914011,Read
a36100f68224f6d9,Read
34f7089bb0a45e82,Read
74a5e8b0dc140771,Read
33a9a17d93a65034,Read
6c8013dc7b87e9cf,Read
c29c714c115a7b9f,Read
06c96d4178203e86,Read
3c50dd93bdd0eef7,Read
964478ce31704cb1,Read
5e5802e1bf510ed5,Destructive
0c68bfd6db64f809,Execute
b84c38ff5cd28b67,Write
ad5f84e8ed53a01e,Write
93483ebc83577b73,Write
fdd27b1b94ee36b9,Execute
21a684cd4adc1e46,Read
a8bf15db060312c0,Read
b7ce6ea2fe23dfe1,Write
5fdf621eb7cf483c,Execute
706fadcf8f83b0a0,Destructive
90f33b9f2b956e84,Read
d3207cb9f26f32dc,Read
f765a44b92311dd2,Read
0999824d3bbffd1c,Read
a1258763052ebb82,Write
dc552399324588e4,Write
475183b047b08fbf,Read
97bd856a91c1bbb0,Read
d730f3ac09cde80c,Read
c13d909a80c50e3c,Read
3ab1a249a529addc,Read
a7df720396dea30f,Read
cc92a7ed82f4fa17,Read
606dcb845521b8ce,Read
6f549bdeecd91018,Read
90fc394395db0722,Read
91ee84c37af56411,Read
a6df59d56be1ad74,Read
21e9d68fef75be92,Read
b636639b35c7f297,Read
d431251e7caedabf,Read
97a01285c30f364e,Read
5efe4ae618fbc502,Read
1b5fb92c9f2852f1,Read
1fda82f257793870,Read
aa9139134da33d71,Read
1defe7e0ab9e3e37,Read
2d16d43bb1971654,Read
d67c6c9e89caf30d,Read
ba008f1afce8232d,Read
a2254e0a2128b239,Write
2f1b23e839420a37,Read
8159e78b4fd1a364,Read
710216597dcaf1f5,Read
6a3dbd6e08da51b0,Read
df41ef860ea94296,Read
972912e64d9f3cbe,Read
1e9bbfe77ce4014b,Read
64b4ded892692401,Read
d60aaf54794ed4d8,Read
c13e6660297b78ff,Read
7001f301efea9b47,Read
fd28471b48f5c0e6,Read
b753523cf8a911b4,Write
c6660689cfdeb0af,Write
5bd4681ad55cfa92,Write
86264ff972e9a2b6,Read
dc47b37c9aafa8ae,Read
aa59a4ad04b2e944,Read
33235876b8e803fe,Read
8d755e7638796065,Read
6b1ddab78b0ff266,Read
1fd315c9c3b7a274,Read
50da41f3bb5c4c6b,Read
c3cd6757655be21f,Read
2dd11e784ce29141,Read
7c87aa4a07bdabb2,Read
29e4260b1953c41b,Read
a105027c0ea3bd27,Read
1018840aae0c730e,Read
f3d9dea3a1599063,Read
2cf97d7893edcacf,Read
9daf84a3b4dbff6e,Read
8b12f8dcbd8887c8,Read
55465c6ac0840430,Read
c0931fe169892afa,Read
479fc93652e7de4c,Read
b226160af64ba83a,Read
48d365c261aa613c,Read
7d8d869f49f91b60,Read
a1fa76af7bb2d07b,Read
aa44fdeacbc1602f,Read
42d38f093df27afb,Read
3808df49e98b8114,Read
c44e7606fb7e75b1,Read
0a077b89032613b4,Read
551e673d51e595d9,Read
5cb4c69631233ed1,Read
4bdd116cb0301247,Read
f2c0761540b34c94,Read
68b5309e4325f78c,Read
63f6fdd30c111c66,Read
a3bf2a6b45b3b608,Read
c944814560ab94ff,Read
5eae3fde83d369bd,Read
e1dea234718a9dd0,Read
df9386d9686f304b,Read
b14c188029fee2f3,Read
a18cb711d5de8d36,Write
8a59db443a388f83,Read
3faab62112e54889,Read
e19eff5a9f164b51,Read
8e96da91797e76f6,Read
c8492e44622bc01f,Read
bd93d498cee2c19d,Read
ad2866b2a482bc06,Read
bb31420900e9e54a,Read
db5d879e8567590d,Read
b827cbd8e76cf98f,Read
2c88aae2dc9b42ed,Read
33f5e8d791b49902,Read
81e379d8227f8f17,Read
dfdb86710d008fb2,Write
b00148d354e264dd,Write
2b6e751c574ac8bb,Write
71f6dc130cee6d4b,Read
b3146a9af42830ec,Read
e868ef78360eb26c,Read
3478f486157c7193,Read
3aafdc56b819f9dd,Read
363f187bd7b50b24,Read
44ceea290f368c89,Read
260a9af1f50ba469,Read
84a4856627fea1cf,Read
8fdd3dace1920805,Read
99ac60304df72425,Read
3b99973e4b8bc1ef,Read
a943860447b46a82,Read
531f798c9786067f,Read
d14c17e9efabc18b,Read
778b80494795cfae,Read
a8f7a4c367a08e22,Read
18e508b2726e5a06,Read
6ec97a21f94a5d8c,Read
bbc795e67a5d34af,Read
9a4236f7d9a6a272,Read
5830332ace7050e7,Read
50d2834b3fc40cec,Read
13e50d2555df1df9,Read
a7a58fc4fd7a64e0,Read
dff7a2751cbc5e8f,Read
af9c00c7c9d49c35,Read
754761b93ea00aea,Read
aca42773f13072eb,Read
c1b9493556355411,Read
c0650de91f8187a5,Read
cdbee9206117537a,Read
0343e44b00f47555,Read
6212be0a67f46679,Read
8084d303e8741c27,Execute
a5948be3ddadd2f8,Read
35f057258bdc9af3,Read
b5639f62f3c3640b,Read
ebda55a523ebc157,Read
25cd1dbd189fd63c,Read
d8b789d9f2af793a,Read
9460fc1b3bb25e56,Read
44a9c656105eebf1,Read
6be07e9e0f3055a0,Read
38184669d4ef0de6,Execute
82d629e5336e1bb5,Write
a92b3e010baecb43,Write
4769050fac01ea8f,Read
a55304b8522d1449,Read
e92549382798e1fd,Read
27d1726af774a17a,Read
a96e2850b4f92898,Read
4ff556a6c34574d2,Read
66a1c10af8b52d86,Read
459fffea8aa898ef,Read
ed480f304717036f,Read
678ccbfcb96cc0b4,Read
281a5778a877425c,Read
3f55f649e9d6be90,Read
1fc12973ad640b48,Read
69bf9b44b97b155d,Read
84e7153efca77099,Read
58c51fb4ae41f3b5,Read
c7e903534d8ebb28,Read
4e7569c9968cb8f5,Read
26e329149395d908,Read
89b70cf021280e89,Read
581f9368eef136f0,Read
f7b19fc38cef351d,Read
82d7f964b2532956,Read
807af55e474185c9,Read
d61ba68867f4ad5f,Read
f8acd2f8d6ec002f,Read
69e80dbb5cad4573,Read
a475e48b168adf45,Read
06e9a38b56c2fcbd,Read
cb2fc9f4f340c2f4,Read
8a4c30905b851fae,Read
0d60a63c03456ef5,Read
730cd7eb0beb5093,Read
7bbbc2e12fb95e50,Read
e7952c6286244471,Read
c38ce6b23a5195ed,Read
c3dd12c4d2c609f3,Read
185491f93c933e5a,Read
0e824633835ff4a6,Read
f2eb51200065f052,Read
8c99c618b105f06e,Read
a48113d4c6d9d557,Read
d1a5223521834b23,Read
c1c584a3eaaee320,Read
d3059db6c230e3c3,Read
28f85883f794f825,Read
5036b208e899678a,Read
157cad4709a46926,Read
887e82561b078a86,Read
d45961f269e31ed2,Read
e46d75374c0244f0,Read
20e5747a6dbd807b,Read
eb0ae5ce83e626d1,Read
c21a3cd3294ec90d,Read
2a57b7afee431ed1,Read
23ad647a648f1360,Read
337cfecd4806b368,Read
dcd73c6544e4f27c,Read
7ab87a857496e145,Read
e185fd687e383a44,Read
40320d1d73a01141,Read
d4656882416e1bc4,Read
a1aaf82d99852fe1,Read
4fc7b66f8ada0573,Read
92a0d787d9520d0b,Write
79e58ca0d5f8c159,Write
b11e11a7627794fc,Write
101cc6a49ff0fd3a,Write
aabcd5f525814c14,Write
3c0f3e71d1a717a8,Write
90af735d961ac82f,Write
f2be1e16e3e11101,Read
627e7f3262823a5b,Read
b9cd9e16bf1338a6,Read
d4133d91f1ce9ada,Read
5c37d181386d5e51,Destructive
178d99a0233ae985,Write
a56d93ed3495e9f1,Read
210fbf02ef7e1d41,Write
24c25c4919e41a7c,Read
b9a242e0331d8a70,Read
4e6ad44c2627794c,Read
34247cfd4f5304c1,Read
8dc920c012dad6da,Read
975ff03d05d5c773,Read
4ce1c16d45b6d224,Read
4afa920782c030ad,Read
3ce313029077cb47,Read
fa7197ed3d07e06d,Read
8cc60c99ccd554d1,Read
9da5f348ade4db9f,Read
a83e05db4eb11146,Read
cc0677806a014943,Read
022288d7290b46b9,Read
4f245446f4429a56,Read
5d16bb56cedef12f,Read
31bcc03e4cab2e60,Read
2baf57842671a6fa,Read
18fc0dc230185831,Read
788c800303d5f8de,Read
57a38c9b1daa29c8,Read
f4905fcc5f788b43,Write
11357942edc3f98d,Read
40d3ca6cdaaa7741,Write
6aeaf8f3560ade24,Write
00e735cfee67e307,Read
40ad626437994920,Write
e646c8b46d724f20,Write
a9f175358c5b3a3f,Write
26e88076a2a2678a,Write
a2a66d25cdd89d1d,Read
4e935a39343d7d58,Read
44d1de27de118a52,Read
3984efb8e227613f,Write
1779ba1edfcff640,Read
6596fe7bdc84b526,Destructive
69a932c58398d84b,Read
b71ad7dca5736bb0,Read
fe45caa3425a68cd,Write
1733a0a064387f8e,Destructive
3dcd7d568ceffb9c,Write
f3fd1861d7ab088a,Write
dea49d2559596bd2,Destructive
aefd3a7f9752e1fe,Write
8b21f5e4220b455f,Destructive
70f7f8f24e233800,Destructive
935da999f6d679f6,Read
024303944bb5caf6,Read
4755b1589ecd4959,Write
bd4a11261ebae999,Read
72471b4e4b1b8822,Read
24335f2e642783e9,Write
eccac8d214510b92,Write
a97a5b8e17aff9e1,Write
8b15be46a156ec94,Write
4c07dc44e0968b69,Write
6f27128e6ca3938b,Read
074e27adba44b70a,Read
3a5581979220b9a9,Read
9aa754ee89bd0bc9,Write
dda097d75e89828e,Read
3041e5a6c5617d66,Read
6d1360dce4971c7d,Read
b28f27c19b68b07b,Read
c6f7838fb3328ecb,Read
aa71fd15d315f3be,Read
d8ce9c99b5275f5c,Read
39667902de34b8c9,Execute
9f74be3fda543438,Write
971a7bd3dc9ecd22,Destructive
572d0f8dfdcb8d9d,Read
cb9663a25b27f595,Read
44382bcf9e5caabe,Write
15756333c7a98a02,Write
86e5f6781abbf67e,Destructive
9db25ab0bad648fa,Read
f2e931bbea2a6e40,Write
d448403cf39a401b,Read
0807eb21948e81a0,Write
15653b4ef6a511bd,Write
c8e14e40cc7ee2b7,Write
4be9970b3c35adc8,Write
e9c1223e7e2bc80e,Destructive
7e50abb765c47ebe,Read
f1f742a9ebbd8f3c,Destructive
d30b37cc56acb3fc,Write
3bec47cba41197f1,Write
4ac999af5ef0602b,Read
5f35dd931ece8965,Read
058a301bd61a32c0,Read
00a2ab2ec624b571,Write
60343ee2740869ee,Write
85053f0c4a2f2359,Read
8b172158dac30b6a,Read
a8b5aec3324f0109,Write
ac05bea581ffa43c,Destructive
48b1e7f2b66cc20d,Read
219d42763efe6af9,Read
11a70cca868ff9b7,Write
2764343688f3a46b,Write
0d03ece35b3e87b8,Destructive
f72c045d353958e7,Read
ad711036a458386f,Read
b0017354e79b82cf,Write
e9d739b103ec5fa1,Destructive
513972416fda37de,Read
fa30ede2f8a32006,Read
52c1b7d8d49f1bc4,Write
4a96d0c0220be337,Write
a0e33f4dac852242,Destructive
168409eb70e89317,Read
c65a939fec6a54e4,Read
a418aa94474cc7f9,Write
396e3bb180153b83,Write
75e68e5656a35ffa,Write
87a6b1e3692c23d3,Write
a528d2e476eb0683,Read
339a17df8f4da435,Read
254743a41f44f46b,Read
03e97402e2bec691,Read
1992737cb1e7ee7e,Read
1e6c6e8c5a42db48,Read
513ec7e69cb8fe45,Read
37826ea82792f622,Read
0230bbd5f6e04fd9,Read
befba6f1ca287074,Read
6e9f4c5cd562e1d1,Read
0b4403a5099b8ea5,Read
d0e391e7acad5aea,Read
a0091e7f346269a3,Read
84b24a4a8de4fb59,Read
78d2570414c24fb1,Read
4d4d13657971f39c,Read
3c084c844032431e,Read
9add014f8c69ec87,Write
33fc37fb95fd15b9,Read
516c2db87d93d2f7,Read
86d2ca33219b4d02,Read
1db5a7256a3d4a08,Read
de638bac7a99f902,Read
8270ede8bd71e879,Read
0140bab38981b1eb,Write
31a0d64e9cf9f4f4,Read
bc307527a5fd7a72,Read
e3a973e2e2522572,Read
d03a4651d38eea36,Read
1b863abc60ed068d,Read
b306055a409d086b,Read
00a34af9d3dc4fbf,Read
bd7bbc9395b19eec,Read
21b94e67a3d76d33,Read
6e32a12130d85dea,Read
081ce5ff1cb8584b,Read
9b89688822bb1f07,Read
74a02c86fb98b6dd,Read
bc37583386f8f226,Read
cf27ae9edc6d2a26,Write
9f791d51e61e7f83,Write
9f62f5c7516eec96,Destructive
813c0e1f66fc7a7a,Read
c49ad3846b2d3a38,Write
5962daf230877d13,Read
b536b0b90d054454,Read
ff26b6f473454dd4,Write
c27b739ae0945e81,Destructive
9698eb0510b910eb,Read
dcdacde2438f8df6,Write
18cd8befef12d37d,Read
877656e610f4250c,Write
3ba55d215cc3c49b,Read
f0a14464928c62a4,Write
96c1ed5100c168dc,Destructive
ba9c23e5ca8ed905,Read
7e21e443d7dd3f5e,Write
8e0c5cf7aeda30d1,Destructive
c596dc991768de5a,Read
271035239b041a0a,Write
4e1e931690374b0b,Read
d38aa205089b0850,Read
5be494f8ba3cf5da,Read
077586f20e1c8f8d,Read
666a7ec952b8d315,Read
3f84e759669dbf48,Write
589f50934b38e533,Read
22bcfa2008f6f8c3,Read
095ef67a33c16939,Read
bdcab835cf106ffb,Read
e19836b259c6b72a,Read
eb560f0dab0d5896,Execute
8f628c6575307b0b,Read
264a64ea32888095,Read
a0e0dda6e5bf7024,Read
a4170d83565cb399,Read
06562d675cd19fc0,Write
95066df1b7b2fbfc,Write
de4ed3860ee7a6ec,Read
88a1bdacdd154993,Write
6628aacfb420a9ff,Read
5c399f3a3865eb74,Write
f47165472cfa3941,Read
eb8ba5ede9e58f10,Write
ee0694be02c3f611,Write
3da8e6540170173b,Write
779dfa461f13b2ad,Read
902dc802bade29f3,Write
1f3906014f07dfd0,Destructive
3343e02207a1fa1e,Read
eb10cbefaabe5023,Read
f3f7744509ed9c57,Read
a1acae730178cb4f,Read
4a1fb1f0f7faf23d,Read
e9b8e22c880c2bff,Read
6d693a3440002574,Read
3338c91c0d5a710a,Read
d7635a278648cbed,Read
9034784d97ce0503,Read
bbe040391f9f6e9f,Read
684dd13e2cdefab5,Read
ddeca534ae363cf7,Read
cd1aab0b5eee921b,Write
3301b4110b9bf8e7,Read
c36edf5e93b80e3c,Destructive
4b53b77db13eb631,Destructive
1027d48e8a5cf3c1,Write
08fdb34ec9e3819f,Read
77aa616b3b4958ac,Read
b6a2b189795809d1,Read
fcd9b5f8db46fddb,Read
88ed5d33bccd9e00,Write
266a5ff6c8f5fa2d,Write
07baaab69067e011,Write
bc3059b0184f5fb9,Write
c2b432befb67d669,Write
c49e154dbe68e301,Write
a9ac109b33af92a1,Read
162b51f4520d9fbc,Read
6475ae3de5d1de02,Write
a56ec5708a09b77a,Read
ed87271a1f756915,Destructive
e174770cb6a24806,Write
de3db40f84dcc02e,Read
82c3c9ae8cba51eb,Destructive
c9c03aa9020507c4,Write
c9f6d564e9a8be5f,Read
4fd7951549fd8881,Write
20a74f3f11bf4e78,Read
741ee492297e8bea,Destructive
6dabc0e07100ae5a,Write
1b9656f8d1416daa,Read
fc3cc65e864b9a18,Write
dad0d3f2f0cd7a2b,Read
310dab9a7a8297e3,Destructive
1549129027ac5782,Write
df058d348670251e,Read
a5908c3bbaacf90f,Write
ea9f9e7dee11335a,Read
7867856062f54b4a,Destructive
ae4eec075df7815e,Write
99d1368632105d4c,Read
c0db4f46e7c50fc7,Read
58e3dc8c41765214,Read
de078484bb8f78d5,Write
5b64f3fd103324f1,Read
9811e64c192fd0fd,Destructive
3ce14529b826befd,Write
6ba12ee6888d8d57,Read
d8b8f4316d8c98e5,Write
a64f050e9e7ec221,Read
21a8cba5c7ed6bd4,Destructive
48a7984a630eb9ed,Write
595bbcb14301f1fe,Read
1770a3e3c3b60efc,Read
5c9020c1d0b9004c,Destructive
c913b402ff57f7b0,Write
5d9c4c1d238e9d18,Read
da0e1311d7e2fd9f,Write
b362f687728c2aa3,Destructive
371973a282499353,Write
78323235b33195a1,Read
4cd9a880054d643b,Read
52614d68a3551051,Read
464e71c90bdf47a0,Read
663af1be0eaed114,Read
1aa61e32118d7b09,Read
57e2556e70ea0516,Read
6b6c549ffb867b8f,Read
3a85b11a74ea6fcf,Read
5b39757fc5c54fa1,Read
98370a4a3cc29726,Read
22411b963f88823b,Read
37552f8a43d7ca9b,Read
278d3dcfcfe1adc4,Read
267ef3e105b2069a,Read
e2d3bd751cc69b10,Read
742abbe200bbdf69,Read
7b87445104daf34a,Read
f38f6a11bf1802bb,Read
fff279581e55f7ac,Read
d3096bd37c9df30e,Read
81ec8bef7a67ce1f,Read
c2f14719c6c78487,Read
af37644ca2434e39,Read
28e7e6e39d9b5cf9,Read
c58511baf60bb8ab,Read
917bc7c1014867d7,Read
38c0cfe1853cba59,Read
42d33156466f98a3,Read
37df3e244ab45c84,Read
fbaaca6d2deadc03,Read
b8a0e532185fc132,Read
81957832a85becd9,Read
e115416f413229df,Read
7650c6d55982fb54,Read
ea46eb6601a3f8ad,Read
8da5c80a4c79e98f,Read
b75a225b33c035d1,Read
850833ae2f47ca6d,Read
0edbc38782f1bace,Read
03852aee0fdac77a,Read
f3e31cc90b74c971,Read
b52a8ec59e2422a0,Read
a1c2e8b3960215a4,Read
561cc9d7974b40e9,Read
de9caddf070f5b5e,Read
b84b2042efacc061,Read
eb5d83eb7f047e15,Read
cc1a360942734202,Read
29309357260c7fd1,Read
1943bc44cd7095df,Read
a246b5c2b1057a2d,Read
2d77f0403d8ef31f,Read
1d687ed26c69dac5,Read
72a4e6cc8c8fcd29,Read
458a4a6c5a84d1fc,Read
6af27a64a2646a56,Read
661d30ba4a68cd70,Read
a3c4e2e445df9a46,Read
601ad93fc6e81c13,Read
208acd883c1e0181,Read
61840f1240757f73,Read
8c31565a2d3dafe7,Write
8917122e4c0b9a78,Read
e5e22a06916df158,Read
87c70ff5738304aa,Read
2392c3b5fb95b662,Write
f69b9676fea35c3e,Write
ec719ec026df8894,Write
e5de1a6d38286f25,Destructive
85e70e5eac87cbdc,Read
95826a3889ada298,Write
4d27e1f32da0d43e,Write
1fb2d00e56caf0f7,Read
db73522ba72ca115,Read
eb6680057e6571c5,Write
aa413da3a0737d19,Write
28ab2b5a9a190a6d,Read
bc91b1b432e7cd92,Write
7931d348b7bec0a4,Write
892a57bf636a7390,Read
5b29ade7a4f5d08b,Write
42f8baaf8b1a76f9,Read
1b7b2d41ead7574c,Read
0754a75279e24889,Read
4a1a6da8bc5fa196,Read
ccd96e4af283e3c5,Read
d326264b296a3115,Write
c46f654dcea955e7,Write
b8cdeebba93ab6af,Read
3cb024cce3b83895,Write
b05f7e8dfb91d2af,Read
5543deccf68815ef,Read
a40d8b975a34d4bd,Read
31c41f19710d1abe,Read
5c930ad2c5d697de,Read
2c5e10c525903d12,Read
f9e41c13604d4eda,Write
96e00d6a7ab14f50,Write
ac002f35a890174b,Read
d84f96b8f8ae39eb,Read
87ae8b63605758c3,Write
aa793fad279fb7ef,Read
fec31d087e006e7c,Read
708c37eb2cb7b802,Read
ff4bd817352c5ac4,Read
dd99bd65e0c47eac,Read
d47b12ace83199e9,Read
ec7c4ed743ec9ac8,Read
1c511c882848fc9b,Write
14b365c13fddcb6c,Read
8553614e891f5217,Write
71d4c28c5545223a,Read
fcb7b29bf11fef96,Read
be142fec591b4564,Read
cbd8afb8030b7a18,Read
af135ee56fb51a42,Write
b225afc91b1738a3,Write
ea714548a5dd12b6,Read
8bebbbe5f2365fdb,Read
fb1d1dcef498ab60,Write
c8a8e570f462c7c3,Write
076915b1e2d3a853,Read
0311faa677ee7e7b,Read
96e9353f69014056,Write
b7ac116aaf397aa9,Read
9edb43be75719a1c,Read
7c462c6929076454,Read
eade2f532e2d3f0f,Read
bf647da7eac04b1b,Read
a2cc034f190c991a,Read
293a21abd953f3e0,Read
4df7e3861594d764,Write
357b92c481546215,Write
6150712b5fb01e2e,Read
1f7d9ff97b43f9e3,Read
482efe01578d88ca,Read
03a125bcc9250ac7,Read
39304a1bf05818f4,Read
defebb4bfad5e3af,Read
97ac953b60722516,Write
f52d283981d34ae3,Write
08c9f88ea427ef97,Write
8d490961742bd63d,Destructive
f8a4ab256712771f,Destructive
5472a8bf5cee5ecc,Read
d5033a42a8796be7,Read
53a77b1dbd6074d5,Read
0d17584ef4c34327,Read
eca8d69d6af7a0e0,Read
c03f5d4e53be975d,Write
40b3b57e45adbc42,Read
42d4e91e47eb5ba2,Read
264d141efad988a1,Read
dffb17b1904674c2,Read
004c8b47b0701b8a,Read
0ec71dc6ad0d7c38,Read
fa3bd90d126d6406,Destructive
455c77b3fbeba1ef,Read
5889ec8f187f1322,Read
bc172c90b564f198,Read
243f3f65f3b3dba9,Read
6a02373b94dfc5c4,Read
765beb5f788c2ce9,Read
5de469b246a3361c,Read
1d5de6e2cf5af268,Read
3e197531d181d9c5,Read
ae7497af658bb7af,Read
380e402ebd2b41f4,Read
24e7812bc9df39a2,Read
8c8b6a51832f1d91,Read
35a29d33e0079a56,Execute
cf5a098cfc422b54,Read
afeb41114139e8ad,Read
a63667470949aa86,Read
5f9b243ef20018dc,Execute
0f692feeb3c1ba5d,Read
ea2615f54f656363,Read
5c9b941dee32eb8a,Write
d8da1d0044d2d7a1,Write
2b66fd52b11ab856,Write
5584d094ff44f584,Read
6684ed6c7c2baacd,Read
62db063cde85cd35,Read
df29bfb0cf95baa6,Write
d28105b3b834fcee,Read
981a2248b9908c40,Read
303a19b73801005e,Read
1ff47bf09e831834,Write
1e261e6775d25eae,Write
7a99b8f1960f9670,Read
557580a0a2ae1fcc,Write
ee631bc435d689ba,Read
a46cab7b75272508,Read
792f5dc01c9f7250,Read
c46ff92bb2954929,Read
45f7f197bca6d99b,Read
b9db52c0b02a6423,Execute
d296c4c1d2c7ee05,Read
c5ba99c2e6213d55,Read
d755e7e6e9ad05a8,Read
e26c5bc7479d3145,Read
637200888d89d9ab,Read
0a19a9ae5496e825,Read
9bce53f8726e84b4,Read
9501138f854a7963,Read
2a06a31e7da2d2ce,Read
2b6d9d7fdd29ae73,Execute
b51c0af6b0cf3f08,Execute
a90136f291a65389,Read
65ac3fbfe4747da1,Read
71464d8f7e8185c3,Read
24a11ef3f615b304,Read
cd48e16b26eef25c,Read
6f58dfecc142bd93,Read
79fc5d7b4a30e3da,Read
8b5ab9913386465e,Read
234a169069f1f947,Write
a77fc12cb3466907,Write
c08c83a829375001,Write
5390315eadebffe8,Write
adf59f7bce5b3676,Write
5bcb82cb424d44b8,Read
aae4b63b9d6f60a2,Read
9bda7933e861e5ad,Write
3553eff889204908,Write
ec092975938933b1,Write
2e1d52946fbe4b81,Write
61b7abdd09ec0721,Read
551bf72069508c4f,Read
a0240e50036f94a6,Write
d9c69132f58c02fb,Write
a11c8dc34956e55b,Read
8f5c58a956524235,Read
bb0f551a71b87021,Write
11c6964059594907,Write
a868ffe86cdb9eff,Read
6017d711cf72c7e6,Read
14dbf25c50fe6694,Write
b0774817f1b370e9,Destructive
e267fac74ba85c43,Read
2de06ddd21c4748b,Read
72ddc44184a95d5e,Read
cfd211791af05934,Read
d4b7dfe3f6f71a82,Read
d2153bef1399b3b4,Read
2b40c2baeab15d49,Read
6be3c28ad973a657,Write
f7314c239b45d729,Write
bedbc1964f483ba6,Read
0063eb29ee1a0a0e,Read
41ab14634a8bb9ce,Read
6f6894825811e501,Read
1b9d2eeaa25988c4,Read
f3ff2d4b1586a8b0,Read
7bc47bdd8adfc9f1,Read
b356f96858913d0e,Read
f7bc99d9335466f6,Read
0e7b6bb3846d0fff,Read
72d2301e12a9a8bf,Read
779659be134ca894,Read
9411d2598c3ff123,Read
f300ddebc63cfd9e,Read
89cfaa9094b4e329,Read
6f6db0712657da8a,Read
095075262460e8f3,Read
0a3f6afd310b771b,Read
3273165b1706de20,Read
3a232afe5dce4b57,Read
3c0ecfcca9ff8d5b,Read
5af3df9ca98f3f7f,Read
098c9f1a19cba841,Read
4e74eb0dd38353ee,Write
a592be80a29aad4c,Write
d4af899598bf987a,Read
fb050d761f7a0c6e,Read
16f19b33e5514e43,Write
e1f256e33c63e865,Read
ac9286521d99c325,Write
575ded879fc71fec,Read
14a16f5f63e896e5,Write
9d05d0cb486da4da,Read
8d1cdfb46e5d58a7,Read
8d6de504d7a974c9,Read
d750573e242302b1,Write
c8b02c0b66d1751b,Write
c6cfb360733328fa,Read
45d8f961b7d3413f,Read
6f9d2230dca03b0d,Read
83dc32ac50c82519,Read
fbd7df07ce88e917,Read
793d8c35592b21e0,Write
0f4ae0ef8d9a0700,Read
50ef3e7910212544,Read
2db619c5f2a8eb0f,Read
4eb9a263a695abc9,Destructive
60d7867252beab6a,Read
a787aebe55cdd0cd,Read
d26c191c6fa87953,Read
159cf6cd82566613,Write
23f9e7e37d24fc72,Write
5369efe69afd92d8,Read
686887e78427b84f,Read
9a9a18c6c0c705ec,Read
d4937c86520c3b1d,Read
fb612c7fc3fb24a9,Read
ca3f43c1b60a6dd1,Write
e120a3220e55630e,Read
9eb7c9833b9fae28,Read
78838f03fa3072d5,Read
d77a8936ce99dd11,Read
11c48216ebfdd5de,Execute
763dcc46490a222b,Execute
49287d21082629a3,Destructive
3664d24e23703103,Destructive
5de2063206de686f,Write
7bd8bb5c1a2a3df2,Read
523ccbd78272aae4,Read
c7f1d3de0b7bb677,Read
9cf8180913b4c7f7,Read
479c619aed9b4d2e,Read
de7ed8fa5ccee51e,Read
5a19d9814992df0c,Read
b009eaf15e01a8b2,Read
5371668077325227,Financial
0fc11e31d4909d71,Write
55f821bd34490328,Read
41a63c62670471e2,Read
81de51e11a0fe190,Write
4795c57e6662aae3,Read
7640ac0b4e61c809,Read
ffdce8077306fb30,Write
13c673a67216ca4b,Write
c4c749397e7ec7bb,Write
06e40d6d786f1a79,Write
ad04fe95cda94be9,Execute
507671dd90ce1181,Write
9d95e585cf56ee97,Read
370f718d68a3e8b9,Read
8321bc76d4568633,Read
f64c63eeee3848c5,Read
c6f978f800fc392d,Read
9dd14a1f03f6e41e,Read
7517fb343f918cd8,Read
e83d49618e7d5e76,Execute
f2b592c4e0cb51e0,Read
a4fc8e9683b065dd,Read
c839849a98bbca19,Read
f8a6b143cd048292,Read
75da75d7cb1a1997,Read
00000bc945f98b92,Read
f798aa1082a527f1,Read
9c3cba7d1e6304ce,Read
58db783e02b4c7b8,Read
1ade06573b6a2e02,Read
eb9d4c05a261051a,Read
c34baf9a659a6098,Read
b21fc2f72ff744a3,Read
24ebeadbf0f7f135,Read
9eb537decc5c1d46,Read
7469373869428d3b,Read
1e71ae9a929f3f30,Read
f1487a1ad501013e,Read
c2b2c7ce44e57815,Read
4eef8fba93a8e56a,Read
685144d7706f574b,Read
89614122f79e4104,Read
8c753251bb6fec33,Read
f188dc36e4569b9b,Read
9675af0a941e0d1e,Write
74374f1ee189032a,Write
c5434e4a6de1e591,Write
99ecfad377b3bdc3,Read
bc260eeb9815a348,Financial
728e789c6893176d,Financial
7316d09a129c306e,Read
22d12ba90582c3d8,Financial
cf931422d46183dc,Read
7c477c00dc5b03d8,Write
82cf67dbe979c737,Read
da1c93feff7fd95c,Read
99eae685b178629c,Financial
75b79bc7b1e7e3fa,Read
e786fb9f2944e0fb,Read
e7ba40717b6003b5,Read
b761a8df44820e2c,Read
659b9844aa61b8c0,Read
96c0f64b417638f0,Read
5a4bc78a3a8f5830,Read
bcd891727a299020,Read
bf552b1c8d87e603,Execute
1923135a9f0a6183,Read
bce1102468b8c6bf,Write
5001ec15ef3e0664,Write
4a1e58ae7bd3334e,Read
556dbc0412ab9094,Read
4951f239769d6bba,Read
d4e56315c134258b,Execute
b0bcc51c36d0b557,Read
640a6f3d88e14952,Read
7381040cb5f9bb48,Read
ef2ededb9e0c357b,Write
9678692291872d24,Write
ac2cf3d660e42664,Write
b5b72c416073269b,Write
24a928aeaa77803d,Destructive
a46e10054bf5ccf8,Read
58da224c1e87f781,Read
8f723247ddd6b8af,Read
3c8a78b1b4dcc1be,Read
80a841d3a2aece1e,Write
5c3f807ca6936277,Read
e7b793b16f13d6b1,Read
d2c56b44cff78f03,Write
020664580817ae65,Read
9337721c4a930e83,Read
03dcdd85a8a08cf4,Write
4702588d6b63c5c8,Read
a56a394399323262,Read
63dbbcb18325df57,Write
e52f26ac5e94370f,Read
02369bd65fd33cb1,Read
0aa0488dd5571491,Write
a17c118b2fd1d7d6,Read
1d60a73e7c273cca,Write
2be379df8ca4a22c,Write
282d6343c2b2ae36,Write
82007f0971f4bcb5,Read
53b4c8c72a9187e8,Destructive
5fb8429772ab1df9,Read
50dfb6290d04c3fd,Write
dffee8a32ef1df63,Read
be8293e6d1e5eb1d,Read
8ce6ad57bccec3ef,Read
3aaad10ef3831a82,Read
330949fbc2d517a5,Read
116d4ba9d9198efb,Write
22f2d1c8e70a4019,Read
53479ba0fffead53,Read
aafc4d6cdd830a69,Read
ff6ae1dbb40d4322,Read
f84f7bda87f0659a,Read
bd6d3c765aa12e34,Read
77dfb9e8b91f7557,Read
111346ebb9d1fe43,Read
c6a09dba888be019,Read
e085bc6d2824700e,Read
9e2208248f594955,Read
9dabdeb8aed1b4cf,Read
4987d52f07ff7120,Read
8a7184ff3b48467c,Read
174db8860117e542,Read
250d3f42c316e727,Read
f052d92866d95b06,Read
50655c2f5734e3ad,Read
c0d7073dc4bb8dce,Read
73b643d1a4d2f5be,Read
382b9deb53dd5acf,Read
40bd984621da1a82,Read
a0ff0c9da66e72d9,Read
4b9458989ae3e342,Read
85365d1b61410b39,Read
45667b5edfeb68f1,Read
169984bbd597fc60,Read
3543df49d887c3c6,Read
cce0b13c7f82ecf8,Read
f02ba83541de5ca7,Read
0e308a8d15e1aeec,Read
1f162f3e0904914c,Read
47fb801dc6d27251,Read
a9872a3cff393de8,Read
9329feb711df3b7c,Execute
eba02743ef6b7662,Read
f9550d47b5b4829c,Read
0e5d30897c1a7ff2,Read
08b552aa64b5388f,Read
c72ba51d7b618a7c,Write
a884bcaad85536c4,Write
17b9dd9a82c1a765,Write
8a44028ab5a87651,Write
fa222736d05a530d,Write
5dbab24ad97a7a21,Destructive
145cfed2bdc12302,Destructive
55e1f7fb00f9f301,Read
4a27e501af5b1338,Read
5402527c47b68066,Read
9d02ac433d02002a,Read
639ca707d4393fe0,Read
61c4aa2813265452,Read
8d9eb4bf8d232759,Read
557d4667532a3449,Read
d8156325d1cc1ee4,Read
054c236727b1f556,Read
9bfa61b852e76e14,Destructive
070458a8015ab0a9,Write
4b7e876c35739631,Write
c1f86e3a015b7124,Read
cdf4987c5f05641b,Read
8a8bf91eeb8f2d3d,Read
21a727b603775da0,Read
1d2610569323568d,Read
9a774f7e66bab08c,Read
2ef7df6bdfd8db04,Read
d7f230defeedf74e,Read
2beda1c7cdfca370,Read
7d813051f1a72dff,Read
449f1e4b5a5c498e,Read
9191e86e3c94b152,Read
ad8e7194f5b49c27,Read
5958af3824107ed2,Read
377e57815bedb739,Read
8a46095f720576f0,Read
085e3a7acdd19b31,Financial
a9ec697d0e2e62f1,Read
ed6ffbce491ee1a7,Read
5f912dfe6a28044e,Destructive
f117fd72aa57f3f9,Read
aabc0f33bc0e34a7,Read
fd172f8ab5a41bb1,Write
21167c142ffd4ab1,Read
4cb007acac4c45ca,Write
1c2d9650180a6e01,Read
d0df85bc90505a10,Read
dbe2c9aead2af354,Read
f296178244953ca5,Read
f726a7a8ec141041,Write
0c12e9bb8edcd69c,Write
b39b804db3d06bc2,Read
89b9c7327d7a4538,Write
67e5c3d3f1f0317a,Write
04beca06efd924c1,Write
c918463d68d69484,Write
89275eaee361bfc8,Read
5c5e822a22e47d89,Write
4086d987e8e9be9b,Read
92cb6e8973637348,Read
ec9a2bbda6ff805c,Write
676a7b0aaf9143af,Destructive
5a76f23a8609eafa,Destructive
5846552ba558d7e3,Read
36dc8fa6539b24f0,Write
1c6105dfac7c2511,Write
23ebd7a96d8de936,Read
2a91531ef85fde9b,Destructive
c26e0c615a312bb4,Destructive
14f889157d058b20,Write
46a40ad71e4cb742,Destructive
c760fb1dbf11ba4c,Write
1681e825aa0210f9,Read
26ebfee345269930,Read
b124d9df2f825f5d,Read
1582f56f1adf9a2c,Read
e0d4ff9b24cf5fe6,Read
556840233ae62b6f,Read
2a6a35d5f820abc6,Read
629f2036b6adf265,Read
1276f7e060b9faa4,Read
14464f4e7f0d0496,Destructive
5c18a1ef4e880be5,Write
2fd6471231dbbc2f,Read
e6214e472fce6b58,Execute
a325866586f9da64,Read
f1d29ee76fd6b044,Write
b1ce52745c87d8ad,Read
45f249c5300f4ef0,Read
5a5ffe6e9d024e94,Read
8a832c0293c6a3a0,Read
3892affb1598e9d6,Read
5b74eac40551d611,Execute
9cdaf1cea4705c68,Read
8b0ee4be7078755e,Read
7700b228cf902b0f,Read
20b8fc0899e9a6e2,Read
a197a3e51e27f033,Read
f990647c588dfa51,Read
2bb1843ceb4c5a40,Read
b7720327df2ef2e8,Read
0ca28439da907f13,Read
2a8305183b8d0f4e,Read
dba7998aa8278751,Read
0c9527b67cca7fb0,Read
15a1fc7942c43c9e,Read
efceaf4dd57457e7,Write
76c8a4ad12b5fceb,Write
90f152bd327d4ee4,Destructive
f68c71306836fe16,Destructive
b9a6ff23dbe83265,Write
56c869902d7fc1c3,Read
8c8a74a4e4f244dd,Read
e5cf3f7586a9047f,Read
48a627f17d4e792e,Read
449a7348c163e376,Read
c4d6876bf2843771,Read
518865284215e45a,Read
7cbc814f11b9ea61,Write
c39bdf3cde271415,Write
5e613f3833043879,Write
4a59fce5d9d0b4dd,Write
2d3d2d461cfcff9e,Read
1f78d8b3903770e4,Read
e2dcb7425875a692,Write
d1d33d1b3c09ccfb,Write
e061f85d8608095e,Write
c57956a1e403fd07,Write
fb17f19699069785,Write
0fb75332f72599e8,Write
92b596e4382bb9d3,Write
8cf1a1d131d46265,Write
eb9f52dfb8598487,Read
34d3b77ae9db1b7f,Write
70ab012221c24964,Write
ec438e45ecab2a18,Write
08c565bc7206cb88,Write
effe6abf819ddde3,Write
aec3e1c461ef4a83,Write
839fb84f91bb698b,Read
b4bda52e49413059,Write
2a2844bb072c4e96,Read
a2699acbf20232a2,Read
1e00cf11201301d2,Write
c076670bbb4fabd4,Read
ee946c4162a09fbc,Read
92845f0737778ee3,Read
eb0a56be991bfe79,Read
28115e52e658fe92,Read
b95de36c7746e32d,Read
af0ca4646d3b3c09,Write
e6e84f685685a724,Destructive
b85a8d408fbefcb2,Read
4ea0a737c3d3c201,Write
8fd6516d5721e008,Read
686f279ce64d57ce,Read
91339e4948d19ea7,Write
688efc325068e672,Read
0783b478439bc1b7,Read
d64d2c80fe09ee20,Write
c23a4e7254ac9fa4,Write
2516ad315654d594,Read
b53d44b9a460cc9d,Write
c0f54f4b2e0f4aa8,Execute
91bace8a0354c29b,Write
bd713de1d1dd7325,Write
29c668cfc8e1df1b,Write
43c74ee82d4936cf,Read
aa9d2a712f66ab29,Write
2a09af56d9dd5ba0,Read
e075c3b4f920d2b4,Execute
3869ec1620919952,Read
1f8f1da1cfe5a8aa,Read
3fccfa26ff44b8ef,Write
a96c44b292ea353d,Read
e51ee6624a79af69,Read
f7ddaee976832df4,Write
af1144a633411298,Execute
31684cfb484830c0,Execute
3ffec7ad8b00465c,Read
1e9bbf2265e83552,Read
da6eef376b6bd6eb,Read
e33cd0cbbe55a59e,Destructive
e597db0bee96beb6,Execute
40c60ee7b2482fdf,Read
d6979d554f081851,Read
22e6b7485f464818,Read
9e262b7030f15d5b,Read
e390cdc86c3e36de,Read
d61360d1e31573d3,Read
6378cbba13a60691,Read
cee54209d2cbaafd,Write
6b5248b58091f989,Write
6fedf8daa8e35ac2,Write
d10fce3d53296a30,Read
e406bcff873659c4,Read
9c8cda2b156e67a9,Read
864f6e1bcc840a9d,Write
c052f4c2a79d30ee,Write
8b39bb2ee1f9273d,Destructive
3520fe659fa39fa9,Write
56e9105b30ab540b,Read
86bfd3a10088a5fd,Read
6fa74e8fd8433a68,Read
92f3f3fb75a09a77,Read
d4aa6d3c859b1f49,Write
7fdaa84a7506afa1,Read
2998526c52ac983a,Read
0277786f0a92bd72,Read
146e2eb3bf7d91fd,Write
e269b0a98686c6bb,Read
6db9ec3755526f5b,Write
83f22f135c5b7223,Read
a05e448a7ccca0f7,Write
e4a5b0d47d2459f2,Read
997278b991bc42f1,Read
c1f149d55ed19f2c,Read
ce6a00b8fedc3206,Read
99bd3db4f2f12038,Read
8a7b20bcdf87da4c,Read
eefa6fd7aa475a28,Read
93f4dd3d11204576,Write
7188b2981bdf0a7a,Write
31baf7efb2598434,Execute
268ad00c34348f58,Execute
05c85f7164226594,Read
ec57b1e1fda9507a,Write
c86de58ae8710be5,Write
294992feae299c48,Write
5cc19a0f109ea92e,Read
3af42f1dae47c2ef,Read
2bf6cd4b57f33ef4,Read
e1a61443b23d80be,Read
50adc2dcc4d36578,Read
2a768a6db5b0f311,Write
e24e12c6844a5341,Read
42b30fb63e67f85f,Read
26f81361bb9cd7d7,Read
0c759f9d8d7e15e4,Read
e6deee2101580f0c,Read
376d1b657be55a81,Read
d263b2827e16a7f3,Read
01e3e8ada785811d,Read
07e668e8f2eccfbe,Write
c4058048576d794e,Read
5935f1abd02426b4,Read
fb4f28fd5fceaa9a,Read
37a9e3e6119b30c2,Read
547c92a417069808,Read
163c94b6a7d1dfc2,Read
5591839f8ed46439,Read
27b5f4d180868a16,Read
c51cc1f673d3cc3f,Read
7630ad356e2bf72d,Read
81750ed271508242,Read
d1466e7a67d44140,Read
57fc2a5d89fd8d1f,Write
93bf68aced9423ec,Write
9f98d8c18d9bf83e,Write
e3458e696e7eeff0,Read
e11c1e16c05de6da,Read
0a6d9eb0ef7f4024,Read
a82a84d9aee6bf14,Read
0014dc9d0a5c8fb9,Read
af5e795fc60d9318,Read
f7e6b0e8e78c874c,Read
5634a5a8115c3561,Read
c114aca5f6fc7055,Read
2fa8f2d866420b4a,Read
1b1fede2f8734507,Read
f1c217c45b2e44c4,Read
376e5589533fd318,Read
cb0cb67a9d2ef522,Read
4495b346bf7b9211,Read
7307bf00084c8ed8,Read
cd1ccdf9cd2ed314,Read
706e4fd64d48583a,Read
51834b48dd43824a,Read
6d8585b2a2f8e733,Read
fba19205171f97cf,Write
720a0e553821879b,Write
bcd2d1b834c6527c,Read
67ddacb64383df5b,Read
3284b6169bef66fd,Execute
70de0f61dfb23a02,Read
da9761c064d19f19,Write
b2a1b8b93c762247,Write
b1c3b649c5c242f9,Read
71a94ac47b9d849f,Read
45d929244d34cbac,Write
b2c94cd4f5d5c6cb,Write
12afde1db62cb788,Execute
9d163292a146bdd8,Execute
fdd155def9cab2d4,Execute
a845caa399356e48,Write
6fbc60c4d1c7f23b,Read
6f058b2c9a408cb4,Read
0183b24402c7ca9c,Read
5180ed2d3152feff,Read
03095593bd0b4606,Read
26f30561fcb15d93,Read
e08961a51a658b65,Read
dc5d1f5b28845b4c,Read
333e01c42cfdff31,Read
87f5df33fd38583b,Execute
df73861d36ed4396,Read
01828bf5b738dc1f,Execute
370ade710542b346,Execute
a06d051b0a951d8f,Read
bef64a5d1457d03f,Read
f502143aeeb7a78d,Read
05ac9f4dbd834f6a,Write
1288df3b87b94389,Write
4495c0b626383c27,Write
32fb563c1f5067ce,Execute
63fc1941dad004f3,Execute
5b21c789959e70cc,Read
6fca900a01f0b45e,Write
46d33d73411f5c62,Write
1cc7c9fb5abfe06f,Read
8986ca06fa74a669,Execute
9193e88a4152e55a,Read
c7136d7e09a39c48,Read
7fefde286671f7d1,Read
deb48ddb723ab439,Read
c2f7ad15e5887be8,Write
40b8cf9f75d68ce7,Read
a9f235b42c1d65a3,Read
171d63a7bd4bc915,Read
134d318df2b98b47,Read
bbb640ca5c231eaf,Read
8082c97ee6d5c044,Read
25c2bd5ed99450fa,Write
fcf0cd17848fe32d,Write
b649c96393d720d8,Read
025f2b91d6bddeca,Write
d1df781e50f3afb9,Write
012a75791bddf8a1,Read
724f44aa99a78248,Destructive
88703a3bd8868384,Read
4fe57fac335ed5a7,Read
7ca2674fdfd5d4b9,Read
418e2741285cf044,Write
07bc7c81022cfb67,Read
97dcd738b683cc4a,Read
9e9915a8d833448d,Write
6c4b2b4239fbf5a7,Read
968d028c2e334767,Read
06e6829fec557a2f,Read
6bb77093d6fa050d,Read
35c3ce41f2eccc2e,Read
129a9d9a4637c6fa,Read
e685adf2def24cd5,Read
c61352baa8405cf4,Read
ae539a4a27e3e22e,Execute
ae3b626add25d5bc,Read
8a5043ef07ef835a,Write
ebd040077e34a14d,Write
59d8a6f70986488f,Read
64749076e29e2215,Read
3860d61d44e05209,Write
d424bfc581251491,Execute
992889da43d2d98b,Read
0dfabd3653508b0b,Write
0e3ddab131b2c372,Read
0aa21937bef2ad30,Write
d75a431b6cde82cf,Write
a9d4434e8f328684,Read
03e89ef2d884e33c,Read
d8070b3df48b230f,Read
741928f3d296437f,Read
da21618263b77716,Execute
f3d788c346238a0b,Read
a0e96544cf1294cf,Read
e1a879dc5e834ec2,Read
f4ab9c66b501ed09,Read
27bf427aa2372ce2,Read
1b60de6eb0b228ce,Read
4be763c11e19283b,Read
413a90e84786ec64,Write
b8d575bf4aa8bc76,Read
a814926ba34889ba,Read
104b04bd2d8795cd,Execute
8321ee71462bf658,Read
d9ecb33434302daa,Execute
c6440a946a7f4c16,Read
bfe08aa33ee9adcb,Write
acb81153b1b42078,Destructive
618dd56095a49d3a,Read
b6f7419b25c06907,Write
b8bc907d99902aa7,Read
91effccaa299e815,Write
455ab56e0486f6e3,Destructive
e707c227790c7b73,Read
fc02079c30ab195e,Read
de8c265e7263d1c1,Read
1f0eb8405d3a483d,Write
995ff58c45116c5a,Write
341c9daba0b8b7b4,Destructive
a2fa20e3a3028d71,Read
2b6d41b4dff64100,Read
0fcafa2cb527a7f1,Execute
0b10426ae6dce592,Write
d7cd014ac61bc56e,Write
0ff5f7530ab0816b,Destructive
9ae74b412b3b6e88,Read
890017cbc6210519,Execute
d83dd319dea37481,Read
982992391e431f4d,Read
b2d92eac26a73300,Write
17f4feab9453ea53,Write
5dad7b126e8ccbde,Destructive
4d127a3b9b6c3477,Write
e5e761098e0e95a0,Write
d2bb19fdadb39dc4,Destructive
2575f6a45f712d8e,Read
b90cdf8cc4677983,Write
66af04746daaedf0,Read
4b6885aba1632db2,Read
d2c8645177f658a4,Write
1a042b587a6f49c7,Destructive
b34a2bf009fae9ee,Read
a213e00e2be7263a,Write
9889a75089a970fc,Write
a595afd95b37c204,Read
b6f060bbecc73c09,Read
c470c02a1aa5b3f5,Read
9067d4384f5eb2cd,Read
09a3038e5018cc0a,Read
5c7ed34272c3ba5e,Read
87d76688da53c6c8,Read
5bf77842d816a285,Read
adb3bb82c10dddfe,Read
888811a1fd1d252b,Read
a28ecb1128ef01c6,Read
eb9bb842ea61980e,Read
56839237ed21e7c6,Read
f31294cdc182d0eb,Read
ce4926245fd07963,Read
b83351da2b9961db,Read
44a45442c7c9015e,Read
dc0edabcccdc2f91,Read
6364f11d6d20b9fc,Read
9a00180eefc53f77,Read
5f35742ec3a4cc7f,Read
a93d1952e5f2389e,Read
c277a661ff830171,Read
afe0527fef6e1174,Write
33fd267b01688041,Read
933d4f8ce9e27480,Read
4cded166c0351dd2,Read
6f0447825a6cffdf,Read
7c1e6ac7d2b2a87f,Read
e940fd9a445542e5,Destructive
f63b2bbcafeb4ff1,Write
fd35d842927d14f8,Write
f5d1d2a86b83da46,Read
c155d38d6829f971,Read
192e0dcd0f1a88c9,Read
e9d24325a1854dad,Read
9b23a95728a0664e,Read
3ff3ea53b1d14903,Read
47acd341991308e2,Read
3846abf9c51ded8e,Read
97ee5d6ed3c6b5b9,Read
e339bc2882d3b036,Read
349864c93bc7b891,Read
1fc7847b4d088d6c,Read
99429894dccff8ea,Read
f73e6c20fe525ae6,Read
775680c58304b4bd,Read
74267496d3d00bbb,Write
ac19dc96794e33e8,Read
8a7f63f5f20699f2,Read
319f7b9b40e16554,Read
1a7b494f68ca4269,Read
6e794d4c5445712b,Read
1d168eec170cbf11,Read
dc4cd6d24dd61164,Read
2006fabe75de05e1,Read
a0c5b17efeeb4e3e,Read
cda87c0e1b2d1316,Read
c5c18b51eb9bdf87,Read
e24da2c19d303666,Read
23246c5ef3c001e4,Read
6795dec82b474502,Read
263620cbabeb63b6,Read
560a610678b1cbc6,Read
deb80e811417ac6d,Write
472232f53cf0dac5,Read
4f32374eb8713268,Read
febc86dc8b1539dc,Read
9a1fc5a34a7efeb2,Read
bab55ab314ca1d99,Read
456afaf2374d8fa9,Read
42b00c12091092cb,Write
62f60395747f7f5d,Write
10b784105680db4b,Read
d52909785aa2357c,Read
b37fe1af628f90e5,Read
730fcef1c3a3e5db,Read
5a374e8a3d87ff4d,Write
523d23c3e4770080,Write
34bb3bc3cd6a42fc,Read
a1668c4088c112b5,Read
95f52a5c77046ae2,Read
b375389595df8167,Read
670635d61ef2e7ad,Read
f88e26ee8daff99f,Read
75be00a0affc9f2d,Read
3ef78d1846bb6ff5,Read
83c07d7df5b5201a,Read
17286cc0e0db9d33,Read
6331d7e3ad920dc0,Read
11dc17e7bed51287,Read
98793f1431f1a6d0,Read
3414a5c4813902c3,Read
41511e773ace235d,Read
5fca3293fc3115d0,Read
43cacbcb48c81fa2,Read
83ca1335328d2ac1,Read
11bff8349cf39e55,Read
febdf7c1ee108e9c,Read
382838698013723d,Read
a4c3975ec3acf04e,Read
9e9ec1154898d6fa,Read
5d274263eaf80ee1,Read
b0f8724e8c8a47e2,Read
400bea696c7edfe6,Read
b9a0ad641c862d4a,Read
b52ca0438e9ce0de,Read
7f54e93cb60797d9,Read
5f35e03e32755c80,Read
7f0434be5499aa9f,Read
32f08a6406258ec3,Read
b8a1f85621a4c2dc,Read
6ad84629d770c249,Read
700611c34992eccd,Read
7fd1236b696067cf,Read
b4b56c0e27302a60,Read
bd00ffc477e5dd7d,Read
ca2baab325923948,Read
1ab92d23a03816d0,Read
1c18eac301fe9f8f,Read
b3f8a757e1476369,Read
0ae7b50620f3dc3b,Read
fe6542d6de235dd3,Read
7994de6d480422dc,Read
b1e24e7fba560e30,Read
7ccdd854fc5477ee,Read
43a310320865fed1,Read
b02cc5293ac34c4c,Write
10bd2070633fbd21,Read
c3235c63797b898a,Read
375fcf59687c6c43,Read
84bf8f164f159456,Read
13e4bdb305c3e5b7,Read
74f8b8703c77e969,Read
bb0553e013e4debf,Read
ef897ffc7fed0844,Read
8d0f50820bb4538a,Read
90558b4e664f5c9e,Read
4c576783a113ef12,Read
317d1350cc39b7ec,Read
1a62140e4c4ddb25,Write
b0e1e3dfb710d853,Write
48075cbb396a34ae,Write
dd97873f90e95d15,Execute
9939bf6ba87a5509,Read
8c714d5bacd29940,Read
2bf909ea06ea0644,Read
243d3e3a9f36e150,Read
707eeed40be727d2,Write
f0dea7bc43bc6320,Read
e443a5c00370e1cb,Write
a063b90bcd5623d6,Write
7f2e083f4ce886dc,Write
5cdf8b0ddd87b864,Write
c9d81c24279c6c54,Write
6a819ce2b78d3deb,Write
c2c1bb4340e3e617,Read
32b78dd3ef0093e1,Read
8173586f37561977,Read
cb919ad9361ff493,Read
cb424e54bb247951,Read
671debe861baccf6,Read
2e5faf46a4d4ecb7,Read
8a64704bd73513d6,Read
7a20fa70805bc0a5,Read
cc12f0a25386f8b1,Read
5b0cf2b083a85b3f,Write
10c2fe6e4f78e3d2,Write
9e8998882870e76e,Execute
513afdf04c86b3e5,Write
677024f6594f8622,Write
881dcb9864f32ce2,Write
806064f431e66106,Read
fac1736c857bd55f,Read
a49eed9dcdd29520,Read
898ed56a0c15c0b3,Read
26b8af2e7bdb4883,Read
27fa2c6c7647a83d,Read
da4472fa5d6987d1,Read
e9058aad3c7eb0f5,Write
d595cae4c599dd45,Write
2a7ada55816e58e5,Write
fd6bbf0e92de9053,Write
9573bfda90bfa881,Write
f99ecae79c7579b3,Read
db6e48688e179c8e,Read
5a91e4a9b0ef26ec,Read
b4310f0107d12d4d,Read
bd2260e151af713e,Read
1a049b6d957e8255,Write
6228509f8e75012b,Read
ffddf202fed23a75,Read
295f8d11726bfd90,Read
0c3625b632591ccd,Read
320c523f3df5199d,Write
08f7679ff9d4cd24,Write
5517b074dfe1728b,Write
a9402c4379efbbbf,Write
35e22a6dfb9250fa,Write
f491ef996c3bdcb9,Write
a3a4c3aca195f72d,Read
47e2c14c4c11848f,Read
b5c67e73787e88c9,Write
6b678a0a0f64c80a,Read
7db4e543ecad0351,Read
7cf19b39a26fc3c9,Read
9e2b52f9cab1d614,Read
0bf0d4df24577054,Read
64ff65ff27a245f9,Read
880a7fd4f91b0bf3,Read
c6d2629489b76e23,Read
afdc5c9183d6811d,Read
13e1ad47597fd00b,Read
bfcae5abaad6bee6,Read
fc7ddef8d44ffee8,Read
b3bfd0ba47c6c5f1,Read
574aac6c78e79d7c,Read
42ebcf0e58e5a073,Read
71a523a9b5e956f2,Read
f11e5ce97625310b,Read
2ffb45370ac8dde3,Read
2bcba7bd8fa704e8,Read
385abcf97ced6ca6,Read
a511522f6e102bc6,Read
973c3cbd9d39d6b0,Read
44b51deeda1d3e2d,Read
4c9ea3ea1bc21038,Read
acb2b5f5deca24c1,Read
3cf92579018161f3,Read
ebd1b1808eaaa562,Read
ac41b0b54609eb80,Read
db427abc28b6d141,Read
6a48eb127e20ea27,Read
5cb813d64aadbcc3,Read
4f82971e4eaa7b8b,Read
d3b61d1e21c06bd9,Read
ab41cb683e276934,Read
be94d56d911fac9d,Read
7953f179d0740327,Read
a3ada106bf7b4643,Read
d2ccf06ef8bb86c7,Read
f5cfbc1b78d554ba,Read
64e6070ab30b6c71,Read
cd65a8524f4167a9,Read
31c7723d745391f5,Write
2a638196cf329071,Write
ab99827a6a76544c,Read
8ac6f2993f38591e,Read
f06fe068816cc440,Read
2554a4745279701d,Read
3a441f7881c06be4,Read
f046b2538a88240c,Read
25cc44cd8f255761,Read
6d54122c7f6b1a82,Read
b676e4e43ca0971a,Read
4114d23b8fc4d748,Read
654f9f03e9b98353,Read
72b58c16e12cfc52,Read
72b8ab26404f7647,Write
fb57a4fb3776c4da,Read
200fa54fc48bb626,Read
15c621e3747b887d,Read
1509965c330104e4,Write
7fbe08fe6b668c8e,Read
e37f5c9537da0eb5,Read
b9f54ac2f23e54ba,Read
97cf61f6b489673c,Write
3d42c27d7d4384a7,Read
12c8e3154eb66afc,Read
2c2f3eb9b2ec9116,Read
b3d49b127ae85455,Write
156faae7a77922c9,Read
b5edb1153ca3b417,Read
d9d4d4b8b8e248d2,Read
8f0c664ce5dc5b0f,Read
cec11a3379761052,Write
551ced118d900c47,Write
be122c7641b96f17,Read
e8c321cfdec935b2,Read
4c37f96268148b7a,Read
acae59a6439a9c24,Execute
c50cc3e0ca4c5d94,Read
e20b60a6d7bd0129,Write
5db87a7d960e99d2,Write
81da040ef545d0f5,Write
cf5a5792e7cdd4b5,Write
4f234077c1985fa9,Write
a5676abf70606d3e,Read
2f331a5945fbf137,Read
b3a29700553e267d,Execute
5f8320e3f6968828,Read
6f1ddd1037a84056,Write
8e95516893bdcfc1,Write
772f9c8c609840eb,Read
2af0278df1562c98,Read
fbfc164c505909db,Write
616cc6be362d6c0c,Write
0ab309cc6b8c19af,Write
80e9361c9ebd0957,Read
ce71baed0c5aa7ef,Read
fb1e01f33f7ecde1,Read
28fa12f09eda6aea,Read
5614b501910dc33a,Read
75335bb19857344e,Read
66f99cecf9c23248,Read
6d978c1b4373e8e0,Read
f35712d3399392ec,Read
6fed283cdd920d15,Write
0ec72bcf66f4ad3e,Write
ca19e69f02475a1e,Write
20f491a19af3e9b2,Read
dfb8c886fb7bf79f,Read
c53008e023bd5e39,Read
eeb164754a7581b2,Read
25727b1da1549e2a,Read
aaba994562018bac,Read
2b9546a3a09dd1ac,Read
600259be8812e84a,Read
5d590709d1b46b24,Read
a6edd9b2a176008b,Read
689d7ba8a63f6199,Read
c5da067458a7d9cc,Read
583d91bb975256c2,Read
574a89fc59f42de9,Read
b78d2d02bf07f263,Read
1c3214896eb4edfd,Read
58766e6fb7c68f0f,Read
b1cf0f0af1f3f9ba,Read
6048e57227114f91,Read
4905b26e79314f5c,Read
15e007dcd3a8fa95,Read
7ea392256dd3da66,Read
304f95c5730e74c3,Execute
54a2a2d0d3b091cc,Write
7b100685153a5142,Read
d3d587c4f0edfce7,Read
30e42a85fed8f498,Write
b9fe8be74e8456b9,Write
0895ca03d363c699,Destructive
eec59dea621f4310,Destructive
a8dd845697ba6bff,Write
7978008974141c9e,Write
0b5ca815d73281b3,Write
5eab65e55e13c235,Write
c6bb09a0f68df793,Read
51bea12f7301f10d,Read
f5bbd89830b0fa5c,Read
f68509c0f68fcab1,Read
c71fef94dc537de3,Read
20b0df0723ae83ad,Read
d51f8f0230202275,Read
d51c70c1d0adb759,Read
4eaf7755866e669f,Read
5c1df16f73a3564d,Read
0a82985ac2c32a5b,Read
bb76f83f03cf0a26,Read
83787a6f9359f955,Read
0c6ca8f281df11b8,Read
7c26874e5696f453,Write
42e947bac3eeb4fb,Execute
4bbccc3a44db9138,Execute
c63a70f5ecc02f08,Execute
6c31ecdf1ead306d,Execute
a353c1648f990844,Execute
299531d096bb0bfb,Read
c571d17b79ab0c4f,Write
4a260008976feb34,Read
a465b394fb2851d1,Write
0711210723f6d6f2,Read
c32a7f3793428386,Execute
645d5a72045b0386,Read
2c466d06029353af,Read
06f542603744a877,Execute
f1f65794819a0f1b,Read
16639923df93c344,Read
a62e9cd287588c01,Read
5da308d8d00f1574,Read
94d249e6e379d0f0,Read
e1418354c6dbb8b6,Read
87814ce00c178d9b,Write
04a4ef14e44869bd,Read
d3dbedf422696ff5,Read
c87d55ddcb3fa9ad,Read
1e8a686b0d4865de,Write
9f3352f0bd0b7c17,Read
b0045ec82eb38950,Read
d4cc24381bdee611,Read
1840ecb73df0f768,Read
574992f9312a1e74,Write
c7923223f3f5a89e,Read
41cfbb33c926439c,Read
4bde860c59c660dd,Read
9b2de0ebb33e5d01,Execute
d6655fef39def808,Execute
32357a8150e11e27,Read
dc507e06cfe30a11,Read
4b33ccbd19feb242,Read
4609a81d461ff4cc,Write
ed68a561e9864920,Read
8d66f20e8befc125,Read
92a993f9fae273a5,Read
8382080fdc77b955,Read
c3140c2f16ea92c0,Read
a47fe332333dcc07,Read
09cdbf83dc0540ea,Read
6bcc67d2aad6e130,Write
76adde164936a6c3,Read
e9a0e5bc4600faf2,Read
8d5bad5206809186,Read
1b352e6b3b94a20d,Read
1282e3f5910cb6c3,Read
767c9aae8e7ec677,Read
334c7373d628fe2f,Read
19c139f14832712a,Write
de0c03f7935e6381,Write
f48cf3101da6b101,Read
af8493b10512b627,Read
ecc0cb5fc4723176,Read
9a48991d8c0cbf05,Read
92639dbb08bb8ebf,Read
4bd31b7a73ede20b,Read
87998152455b7314,Read
ca6eaab260bce689,Read
a92579a32983d44d,Read
2f1a38646ce96b67,Read
31cb674171abbcee,Read
e7ca0245d64e572c,Read
e249b57c4cf0a52e,Read
1649ecb3290730bc,Read
5e0741b2cbc4fa98,Read
02c9fe279bc5f5cb,Read
9bb19d0035e0b4b4,Read
3e4150226929d853,Read
af5105c22c14a1f4,Read
8118559b055d9957,Read
f77a6992d5ed2ca5,Read
9215afeef653bd38,Read
86589403348eadb8,Read
a706c998800e8cee,Read
3fa0b7b9f6ce7650,Read
a252d76c66c548cf,Read
1ee42fbf6bd02793,Read
588453696868cef1,Read
4f701bb5b434a324,Read
6c1819be24ae9349,Read
bf3460356e527c36,Read
4161583c7360a154,Read
5d9ed1acbe674113,Read
381941ddb8aaf49f,Read
547aec0690010076,Read
b03c143cef0c9af0,Read
5c5b58c45d0fac80,Read
b13160930351ebcc,Read
8df8772709a3c1a2,Read
ddc415fa0c139d45,Read
b5662e39947bfbe4,Read
aac98079a79f81d5,Read
f257f57f348b2892,Read
6ed7d8645e221e62,Read
8a602d55867ef340,Read
87cd41c49ec1e894,Read
72201ecbd4df175f,Read
ba7f2884f357b10f,Read
c0a7f5adfb7498f7,Read
c1f4c5245f4382c4,Read
c802a95c86fc3500,Read
70d97ecc43b3174f,Read
9bd33db37916d637,Read
2d7ff4cacf94d4a3,Read
1ada011bef7dea82,Read
71429d3a5c73775f,Read
8ed4fb698e1ee9b9,Read
9128a16428378c2d,Read
d314b14480e1c5c2,Read
623ee3e492c2a85d,Read
09d2ce836c6ebf87,Read
2367338d70b9b07b,Read
db938ca5798ff7eb,Write
8c763167dd1e901a,Read
d886a84c423c5959,Read
ab81bf47a7c95455,Read
ac82012de53e51e3,Read
d3532f977fb06fde,Write
a68800292edd4f2a,Read
1bee6f06d4c176d7,Write
89b82de115af5638,Read
c8e53fd529d3b0e6,Read
15a88572f14c1aa0,Read
9ddf8b7a92d3e9cd,Read
a0697394e36407b1,Read
d9238a8ffe777251,Read
4f407cdea1b0f18d,Read
c1c5fa459bec9863,Write
fa0536cc2737eac5,Destructive
315d63072d04a78b,Destructive
f799646ce6934042,Write
9cce48c896f372c0,Write
5beabb7c15e62220,Write
c714f29d4e9efbed,Financial
a73046b03e3a7829,Write
6dad16104b016507,Write
e338f516df0ff444,Write
a8683d2ca83755b8,Write
26a141f8e9ed1fd9,Read
96ff855399483ae2,Read
594bec406536ee8f,Read
f60cbda785a7f106,Read
f468f16503c64699,Read
a51f97956b9ef7ab,Read
2226c168501d1c15,Read
9eb8e545945f324c,Read
a537dd32b9a66c30,Read
cdf65478f2c82b1b,Read
4d1fcb6329d45be7,Financial
08ddc9d3e6a434b8,Write
94457d6211cca933,Write
6ee677a7ac1ea5c0,Read
55590d327230ce20,Read
f3b8df90e307fdfe,Read
bc5125d0f600ed36,Write
2b3023843a51a701,Write
63353942a78b21c0,Write
2fd010caa50e70f2,Read
c2175b66ad52b55c,Read
b8c8764f32d7de39,Read
e4bfdccb9746360f,Read
d18e672aeb724e28,Read
3af0552b99a656eb,Execute
949d88fd93c550a9,Read
4e99cc16463de589,Read
fe37ebad99dfd34e,Write
72d8a4efc19d42a4,Destructive
26707ecde4672263,Read
5ebb88d595eb3a38,Execute
37ef203045ae4be3,Read
43a3877ddf891b68,Read
c0e33ce44f2bd384,Read
74ecbd75f5f8e5dd,Read
a2e9a4452eda7d18,Read
d34b3f53db39f38e,Read
fdea0ffd914c7380,Read
b68f083b2611ceb4,Read
429575f7ce802bdc,Read
67fe87fdf75f74b1,Read
02d9cd370a3111c2,Read
29b4aed75515590e,Read
9860bff4167bbe0a,Read
9e304134ce2dcd30,Read
a6b095cbe4fdd9cd,Read
7339a92462770b95,Read
75d9e60d911c6532,Read
4b540cf12664d3c1,Write
c3f66844c78011fb,Read
5e71671969ffef2a,Read
15423ca4cb91125c,Read
c12474135c3f3724,Read
9b5d574a1ad19e52,Read
dd3b40847c44b03e,Read
fe39fbac6bc57cd2,Read
fa975115a3746899,Read
1cf078410733f276,Destructive
61d935e53d8fa643,Read
cfbea5925664c6eb,Read
04c65824f8259516,Write
837686a56a12f367,Read
2b366b809ea564e3,Write
1fb356faa303c76f,Write
27cfb75c71041fba,Write
4abec0e936849a08,Write
a125463500171f0d,Write
4eda5e8f9205995e,Write
0f8a2b270f7ee3ab,Write
a4ef00ae6e3c5f43,Write
b38d62c41830472b,Write
5d8a0fa5def6e45d,Destructive
f6a33b501c8163df,Destructive
cbb031576ee40e0c,Destructive
4d57ae5e8c4f50fb,Destructive
92ab5203172159b5,Destructive
675787ab7bcb4f2b,Destructive
cc72a0dc1b9aac98,Read
23a788e8e74c9839,Read
d1e401f74798bc73,Read
51324b110a4b8d99,Read
10ca0f4de4e10a93,Read
baaab844f59ada25,Read
18b5d6cf9c97f03b,Read
587a318280118a3c,Read
742a0a11bfb6c4e3,Read
618e1f6c3e08964a,Read
6260dbc004826a20,Read
f8363f585bebe43a,Read
0658e42cc1e56115,Execute
2e5c38e815fecda4,Write
8e129e00aa8cb2b4,Write
8a2a7672e9a3a74a,Write
e20b50c53707a9d0,Write
a4988626cd440570,Write
c117f9985851c4b4,Read
fe4e5aa3f5f91a4f,Read
2db7ca0efc77db69,Read
d890a2805c643b5f,Read
4e965b2e7995bb05,Read
167cdaf5d81eeb2b,Read
05638b52edf1caa5,Write
f8f07aa673471749,Read
3d7fab102b34ef7a,Write
6b84fb71ce7ef27f,Read
0d941631759a761c,Read
97d7459beb10b838,Read
c01816f04f3daae3,Read
d2dfa4a8669e3425,Read
a9414a00a78d18fd,Read
459ee052287fca51,Read
d6447951d875b7dc,Write
b4e2ce89c3d3b2d1,Destructive
3b44faefc13ed514,Write
3e5c93b7583520c4,Read
674c432cf153ff89,Read
d8b31bc22d204741,Read
c0b6b631a661dd7a,Read
668f9746416fb821,Read
0517d6ec8615c5c3,Read
3505d51e531a1aa8,Read
fefada36b957e186,Read
cfb8bc79ff3d8ff4,Read
2c3686ca76021a5b,Read
9ae8ed420efc9311,Read
c1a53724d9cf8e78,Read
5e70d3d027a65ff5,Read
4bd53a776942b33e,Read
d4b17165b8b15ae4,Read
0070c7b89e7e53ae,Read
a484408bfa1eb4d0,Read
5780a8f4a8567d4c,Read
6d27d16bd18c1ec5,Read
087bb8f22c9567d1,Read
f7b739c24f19bda9,Read
ac64fb9d36993131,Read
aa0d3933df2b4bf1,Read
59e7e8f98b8c21d8,Read
453b9adee2193ae0,Read
9f268d023607d593,Read
46f978128b2ab185,Read
f3577a4e64a35b1e,Read
13dc8c0c6b00dc1a,Read
c7fc78c6703cf8c8,Read
7010e25ba07b56a6,Read
25f42a0e8cdac222,Read
e9e2d3eed2b05e11,Read
157d7d87642190e2,Read
c1b808be45e2d55d,Read
a706546926972048,Read
196a1e554e18b4f1,Read
8f6b29961011ca33,Read
2e8b143b80e18643,Read
0b47b7347bea07c5,Read
a2ffa73fd761eae4,Read
6371a717c117d863,Read
d02a20c0ec613013,Read
4dadbfcbd7a85375,Read
53e00796d7f9337d,Read
a7784ed610540691,Write
d63a0c65bb9b6488,Read
b6dd1b5eee429d0f,Destructive
9cdd8add8e723c33,Read
780d76bc87aeef34,Read
2de8b74e9381d8ce,Write
defaf64ab48b2e3a,Destructive
e88989737b17cb92,Destructive
ec072b9e46babf07,Write
7fc5496e1aff2ad3,Read
e81b1e51a94fbd27,Read
d0b498f58cd73569,Read
50d076f8cb512c3f,Read
9190ec2d127c6846,Read
f1dc18c0a9ffc52a,Read
5d7345ab36169a1a,Read
d24dc5353f2c97ac,Read
52e106057a8a0820,Execute
7ca7ea19ef1488c6,Execute
5abd1ce83b3e9a4d,Read
ba7777427398b3a2,Read
7d2f915ca666d8bc,Write
beb24ad9b0b93aac,Write
cb39240d9f3e2f5c,Read
3488fc397e69bbd0,Read
e8c97af2fa4d2930,Read
c97542b3af2e0c45,Destructive
6d46da7e685baeb8,Read
617ae7c9d353d081,Read
39921b3fe7287b3f,Read
af1402561eb7d99b,Read
3d88db8f8d57ab7a,Write
fe9bc1a5d1604fac,Read
41119970b028e055,Destructive
921bf979e48e9ecf,Read
e9c743b4b10f0dff,Read
dd517b8ab9c6563f,Read
18ba8e4fdcf4ab05,Read
c959b914db2d9eb1,Read
de543e7ac8433591,Read
39147dfe820883b0,Read
07a6f0edb54b2228,Read
ef3f810e24892e8b,Read
e4e2e501cc849fc3,Destructive
9c9fbe435baffb2d,Write
c7e78157be0d714e,Read
adefbfaf6448c82d,Read
1b4d8e3ba9dcf231,Read
7368d0fa25bb8b6e,Read
6ca4850fa5511bde,Execute
eb3fcf278339d77e,Read
ae7f8804cc562fbc,Read
01ad582b6b5831e9,Read
231826fdddde75e2,Read
40e91031f0ade243,Read
a8da22c72d5f3059,Read
ebbc01c39e5eb6df,Read
613f691a8bee965f,Read
e2f1234fb9c00e9d,Read
aa6eb6694a59298b,Read
3de521f3bb994634,Read
73c6e80c782e72c9,Read
c107313e5f771b42,Read
fa4760a6d03bd430,Read
1b53b9904a9174cf,Read
3cd3652fe83102fe,Read
3db77f3d48014535,Read
fe366f5086150e00,Read
a12a9097ad3e6356,Read
5d0e2f570f060531,Read
1f07087944e78a36,Read
d8d99bfde5c10ddf,Read
244727d50d348a21,Read
60133d44a8a7a7a4,Execute
7bf70e7f2a77a0e6,Read
a2bf20c7b8866bb3,Read
a4f601e81ee72b63,Read
b3654f4173a36c9b,Read
2d95c91ee1f5397b,Read
41d7891081be34d6,Read
918a46599ec23da0,Read
4198110e0b626b5d,Read
2faad0f0936c8d0d,Read
153c79233e873a03,Read
c3eb4f16f39e42fd,Read
ac431d4ea5766067,Read
54125fd701dd3a5f,Write
066f92c494907e65,Read
84302aa74b3e4bd5,Read
d31c795306743d6a,Read
5fddc565865e6bc2,Read
f9300ea9c39d0308,Read
f8bf0cd576be2bfb,Read
9437a61b36068a28,Read
9dd769120c27a17f,Read
0130c36236ca2ec5,Read
cd67c3874316ba04,Read
7f6070ce4b987218,Read
b99ca60a3f2c9d1d,Read
31044fbc8d58b946,Read
f1d8ba2d966a373d,Read
c64e15afc6517dd7,Read
be63dc97a65feb9e,Read
b7770b57ffb3985e,Read
a0b233cb7250682f,Write
7f13320c79f73343,Execute
e6259333883f8ca5,Read
75d73d8900958995,Read
f2ce417e6e12ab7b,Execute
728286c04a8ccd38,Read
ed20a484ce4dfcab,Execute
660685f630100a5a,Read
fc06031288e9b32c,Write
dc040b1c6c9a31ed,Destructive
1b2bb386d2b22a2a,Read
6160911dd263ea66,Write
f9b0a1aac1b1845e,Read
b3befff2b2621fce,Write
fcfc608e8ad453e5,Destructive
7777d8c45da131d3,Read
3472a771fc088393,Read
1c9f71ec3c1f0336,Read
23e631382af69e48,Write
d8b1102abab1c793,Write
ca9cc8d4f4bdffdc,Destructive
7737f4e7ae8fa118,Read
d4103ab135a60409,Read
9e71745d578cadb8,Execute
aaadcde7fcef351e,Write
ded1f962e4dd2387,Write
11c66956b471b73e,Destructive
bd7822fb6fd1d203,Read
6f1bc20db63c05c9,Write
a0f2ef256751d272,Write
1cfecd36817cd1f6,Destructive
d97863d819a03534,Write
035672ababed847d,Write
d2119531a7b54ce1,Destructive
1d195a027418cf2a,Read
10e29d02660fbbd5,Write
9421b852b5482349,Read
2f57f6b08d5ab97e,Write
046d0e045f7ebd33,Read
be5f09428abff363,Read
64cac519687da5ad,Read
d4f5c65b7808efc3,Read
e9877f8c4427aeb2,Read
3a2a0f3b48135e4b,Read
f92155c0e0cf8304,Read
aa1975ef6aabcb66,Write
932f5be1266f7434,Write
f78e5048f6bbd39b,Write
8558a7b1cc7b460f,Read
1b5849643b2a744a,Write
18df5650ec97c0b8,Read
d3aad4098a038e8e,Read
025e83c23d877caa,Read
cdf7b9cb92544fd6,Read
1ad8221e30004f08,Read
58a43a4d81a2b856,Read
24e6c7978a95563a,Read
2e29b03a082ae098,Read
c4d18afc56ee9973,Read
710387a019446ef9,Write
a776a624d0b131a9,Write
b0dbd549ea73cc44,Write
3d8736dafa7d72dd,Write
12cdd020b5454b1f,Read
6e091dcb96b2958b,Read
067064a0037b0ad8,Read
57fbcc9b7a97f0ff,Write
0fef7243b6f8345d,Read
fa41e9b0c7caa063,Read
e67b899dfa2b689f,Read
d47165d72a83a7f2,Read
cbad04e7f6df4323,Write
e600e58f61b08782,Read
f7cfc8a785ccaf21,Read
160da5640f4d0cda,Read
5461a5cd06d9a279,Execute
82b0877c9227c07f,Read
50bc43d544728b97,Read
673c21b4c6e65e90,Write
cbe19d42a00471f4,Read
f39dba5cec6d948f,Execute
29eb8aafcb5b1c83,Destructive
af600b9e4a352cce,Read
b6fe0fd457e1260c,Read
460ddc629c451083,Read
d0c0d47754f56848,Write
0197ce3b61c636a2,Write
ce82a22bc7393616,Write
3c7b26fcee55abee,Write
099308d17d27dd7b,Write
7c248826eb6407df,Destructive
1c8b28b3757cd21d,Write
9f8ee5d5f022a1a0,Write
e233b125e721febc,Write
924aa14e17930833,Write
060e8b8d12f43485,Read
8fba9c6ac03763e1,Read
210e470b90b6276d,Read
8326acff1a6dbf5a,Read
1d357de5e7f9beb5,Read
cd20f2ad02ed693e,Read
9633b6c20e9e7965,Read
a74a48e643885793,Read
066a36e0185ed529,Read
b9ecf47f552755c8,Read
57e2249bed72e6d2,Read
c6276d20777ae0d1,Read
93dc01f7f9f9e5c0,Read
9477ece08a971512,Read
9ca8924aa55b4492,Read
9c8b4272857ecac7,Read
d2c7f8a5d4467133,Read
36eb4326ded0e75c,Read
4b1f5663313a1f78,Read
37da13b240256b81,Read
6f4d40014622d551,Read
c26f371110c303c8,Read
5713bdc7a2e72fd6,Read
e6b9eb115ed3fc66,Read
c9396681c3446e03,Read
b495b178061c4001,Read
b92b653979dd43cc,Read
9458ed4d68e17f19,Read
ffbdb5c2561bdf6e,Read
3ad602c210eb196f,Read
55739b6812be5a1e,Read
6ff226ff4255b40b,Read
9594d2c48dada775,Read
8997347bff82a447,Read
476f58bee23df5a8,Read
5471c8268983f6fa,Read
d643c940d2483ea6,Execute
b0d214b1151a5285,Read
bea787546ba89e15,Read
ac17ed4123cbb074,Read
6476c7e9ac636a3a,Read
39bb24469217f7c4,Read
66c7e1e674bafbf6,Read
96d83925e3dcae28,Read
5e99ad9500a7bb46,Read
bf684bbf7389ccc1,Read
4923e2275f749dd5,Read
dadc524ab4c27a88,Read
373cc9a5f3988a08,Read
390d701d2badcfca,Read
a2945558986fc13f,Read
0491f2fbe2192b65,Read
90d64352b5929185,Read
24a2336ce1b9f2d0,Read
73454d8a546919c6,Execute
628ae458c161128a,Write
8074e189a2407408,Write
2485cfaac3254ce0,Read
caee087e03188d9e,Write
5901b9597019ddfb,Write
b84f5774b39f2d22,Write
1a63d62f457586c7,Write
05a717a3c45f8f52,Read
a73bd4b0cbc9cd82,Read
d4d264f191e9e0b9,Read
e3e38e26e6e6f0bf,Read
70b8e11ecbfb56df,Read
90e40007d5fcab9c,Read
54240b14d6b9d0b4,Read
8999a1127148fe7e,Read
669280ca63d3e0a1,Read
8a6e81f5c574369e,Read
bf8ce26020f939c5,Read
bc372521e3b05185,Read
728d22c001e1516b,Read
bd796a91f23b0c1c,Write
fdd1973f6e905749,Destructive
b9ba455b94f695fb,Write
ac2b8005e531afcc,Write
948460b67746ce60,Write
007151f12484a5af,Write
543f220584e1dd1d,Write
82201a79cce959c1,Execute
592c5210014d1bd4,Write
39a7a63f43ca8813,Read
20206f7266377b82,Execute
32dc6789a736ed54,Write
df368f20260c3279,Write
49925a6e76cc4f6c,Read
6a00b06bf336aa4f,Write
1c3c3dace3b66874,Write
cb0117ab0473167a,Write
1aab9090498e0a5e,Write
738f9a73eeed3927,Read
a172cd3b88ceb02f,Read
5de2937792226210,Write
a62a379c328c61d2,Read
f126c021761671fc,Write
3b209a4ae89717e6,Destructive
4e8e57559bc5947e,Destructive
c077cf9285c3b20b,Read
b204842cd03bf640,Read
017997b2b2f2e02e,Write
6b1f62328e98bb42,Write
31f6f7b00e82b43f,Write
63a13a434167479c,Write
69d990c3950e125a,Write
c785bc163ffccee9,Write
1a4a3b0a7e64fb7a,Write
a53b77a7e084f611,Write
ebc861f9b75d6b3a,Read
6f632a9005341a16,Read
3a2e32372d5507e0,Read
6071c6f247e484a8,Read
877242eeafc660a8,Read
a2c15508a0c09a6e,Read
67677342b4640d5e,Read
20fc36a546302013,Read
78a8534a277d9324,Write
74db01c460515d9f,Write
a17ab744890fcc5c,Write
47aa7a87504f7eee,Write
e9ce546e59e97615,Write
8a8228be3cfc5245,Write
a0fd5474bc70a4df,Write
500c458a1a1c049a,Read
e7c429ded3dada83,Read
64adf23619ce8a8b,Read
ccf8a408e09cf069,Read
376a43c224111b8f,Read
7820ddbb894a1a9f,Read
20e1b4520b938b2c,Read
e7d9c2d0693fed3e,Read
59fee68a31c3d700,Read
41090514e20ff61a,Read
711a58602d30d0d6,Read
964ccaf1417635ed,Read
0335561cdf790027,Read
7bbd8a9f58bf3634,Read
c3b6cc009af9efac,Read
d2497e66b71b68a7,Destructive
a2049b66c4765bc3,Read
ce80a650acfd9a08,Destructive
fad5e502242c07c9,Read
4a3c65d83ba4963c,Read
c8dfa49dd25d2fc3,Read
f6fdff52576149e0,Read
aa569b0ac0148cb7,Write
6c414055f39ce173,Read
190c2e01e26c9640,Read
d7656717e2b10ae3,Execute
e551b2a30d05da21,Read
5230f327dfce0327,Read
2c2aaf5ca0831317,Read
58c6f2e46ee9fc78,Write
4ddb445c1633c97a,Write
01ab42b96f0b27e5,Write
613b9e20b30ae44d,Write
26b922a118e76c69,Execute
0e21fcbdea17fe34,Destructive
959c747e82a2fa5c,Read
c125b13080ebdd4b,Destructive
a22901ace9643748,Write
bb558edc4996d107,Read
54e5ef288414956a,Read
e4af227fa4c43fa4,Read
2a424119156302a6,Write
ee45562802b2ecc8,Read
650adb689fc6a43e,Read
8ea8fc87010fb6ff,Read
030c79d02dc9bde5,Read
86acda56ad0de9cf,Write
9808fd1297e916c3,Read
d59d86f491c45c88,Read
6755b89433e1829b,Read
c27d364fe80d1e54,Write
5773384e0a4e971e,Destructive
b74e6c3021f3a27f,Destructive
f73275c248abd9a5,Destructive
b88fe1570f48c7cc,Write
bfd9c5248e3e223c,Write
1265a6779d195c26,Read
27c8e5e9a0b8941b,Read
06d67e3b989b67bd,Read
93d42f5a411858fa,Read
904bad498bbe7a8c,Read
bfa8671f76016ecd,Read
bd59195afc3109cc,Read
b8d57a94f4474e82,Read
337b7a4bed5bf232,Write
9e8d2d31990ff0e2,Write
1806ae652c9f8101,Write
cdb3b2da33724261,Read
2d938500f3245dbf,Write
49d406979d8f9093,Read
b276fa430df39373,Write
0fe592b43778ac4d,Write
0e83a95ddf737193,Write
ffcb962230deddca,Write
b030ee27948f31d6,Write
8408fc2d1a0ebd18,Write
b9ce4e9e68085d54,Write
c14aaa72f9078b97,Read
bc7ec0c8ab3d8c6a,Read
188c00df3bcbb589,Read
17c34bd5e7deec79,Read
02aa8bd9c2ba281f,Read
1e2459c9279308a2,Read
178186fd49dc62ea,Read
8c6511621db8446d,Read
8a5a15304a815917,Read
64764dba65f6bb13,Read
1758f3bd7b6a35f5,Write
40628c64eb9d8907,Read
5ad40feab35db153,Read
225a2a1e713d9e33,Write
4c4ad3b932c0b078,Write
7251bde566403ea5,Write
f6ef4828f6c46299,Destructive
d28749cf151080d2,Destructive
77f7f7581fe060b9,Write
8bf0b59082963e89,Read
d8775467f7f07b02,Read
2589cc1655a8837f,Read
0d52a9c1fee5cc3a,Write
ae78488cd71af0b4,Read
784788c0243664d1,Read
ddae81873af444a9,Read
559595641954c718,Read
236f707a2726f485,Read
0390ed2a042870ea,Write
d9ec9a39bcc403ce,Execute
aa5c08abb1ae4052,Read
42b4221bb5d0c71e,Write
30f9c34d35333a28,Write
a465c16cbd0f9771,Read
ab83545353488359,Read
8857b5b63d64e976,Read
f42bea8f44c19ee5,Read
151cb50edee51b5d,Read
7006c982bce65ec9,Read
69a11a58caa484a2,Read
9a2059561f8bab0e,Read
e2badc0ed9e41976,Read
166b728d19b19dd0,Read
67ae2b9651a8433e,Read
0a2d221d49cfdfcd,Read
b7a027691b8ab05a,Read
31b3d1e505675d12,Read
d621fdb9469984cc,Read
acb989cdfbbb78f8,Read
31132ea4367a1054,Read
9b49f899d3343b07,Read
7a7552be08b98baf,Read
31653ad9de9117b8,Read
182d3482bcf7797b,Read
55c22c3a27a4054b,Read
ca1f97256599e04c,Read
a3cff6a3b32ed34c,Read
498b725a48921ff2,Read
0260994fa954e76e,Read
a581dc901e41702d,Read
6f5b41d0e837b663,Read
cee70b8cb5018cff,Read
d20cd7d90effae28,Write
73dadbe3ec545afd,Write
36a2fff71538c45a,Destructive
98bdb208bf8575f7,Read
26af6ea511c6aa3b,Write
5f545a8f6e3aefb7,Read
035f77d8bc57f56a,Read
3be9366325edd2c7,Read
317607068f655de1,Read
04f2eca7ac1f353a,Read
c8d0e92a1aacd746,Write
6b379562f3be6919,Destructive
82eb65a0b2912e2c,Read
74b4183006650897,Write
e54241b4dc48f204,Read
54163847284c8596,Write
b038a93a1b0656d3,Read
4027f36d8f7b0d28,Read
875f6d55366fd943,Read
4e694778e1f10b84,Read
6c8a696bcb493bde,Write
5c48cca4903e3856,Execute
01e8f1fb3c0035e6,Read
745610a9d39b6fd5,Read
0b45882073f8cd37,Read
a5a4533c1ec0c033,Write
3d0c2195d15c9d76,Destructive
bb55a5470d37f53d,Destructive
31e8e906b7247b46,Read
bf771e202afc2899,Write
18ae03ed6091bc69,Execute
1bca0de278529d96,Execute
cc025641c0f9eb5e,Read
acdb6ccb7c7b15c9,Read
1d2ffcab8412f156,Read
8cfc7d9b0176934e,Read
40cb378f0deca52b,Read
911eb0eda0e5feb5,Read
414233f13eb65843,Read
79dc8bd257a94a17,Read
80e3d3ce54d0f613,Read
bd8d8ce6a39d57f3,Read
ff2a4ea8ffe41369,Write
6c7211c327d22faa,Read
2d11832b091c236c,Write
a659b4c305e3d91c,Write
6c19b85cefe4dc17,Read
265d93d00dd021f2,Write
d2f7323f33519bce,Write
277f73b10cff50c6,Destructive
cfd5c99e8e7c2aea,Execute
4994a8f9db2f4930,Execute
63aedd177d414362,Write
3da4ebef38bcbb3b,Read
424fa9c881a0a7bb,Read
8193f6e56d577297,Read
286b094e9e611522,Read
298b9e73df726fb7,Read
a4e7523ea706f9e0,Read
271691b95b0e7e5e,Read
8bb1a85dd1790706,Read
0ba85e5001d6c3bc,Read
d2645aeb1769904f,Read
0d018d0304e14ec1,Read
870cd947647e6b09,Read
43c17b075fd98e13,Read
7df6fc1a75dd876f,Read
b103e6563bd9819c,Read
9ae79e74d718b10d,Write
04e49d05584d407a,Read
0b98d6323a99d5b5,Execute
c41a5916663c5df2,Destructive
2de3482f648f7a2a,Write
7919e35694643fa7,Read
d46b3d8f9043c5e0,Read
f5f1227592cac2fd,Write
479427263779f478,Read
b5c7331abbd7cec1,Write
474293cd71ebdeb0,Write
025a6314a033ef51,Financial
db6c8dd49843edf3,Financial
8c45c47460d569c3,Read
fceb00ab89646d2c,Read
4e485e9195eb429c,Read
74f52f3fb4147024,Read
b510bbfd1eae5fe3,Read
b8e3910fcf71b659,Read
c65d04819088ce2f,Read
1ded4910f69611f6,Read
013a79bd2f942c30,Read
0d866e5ff3cf1d46,Read
df4a3d1d0d5e98f5,Read
1acc0c01f90c3357,Read
15252fdc051ae8f3,Read
b84ab3993daaf903,Write
7ba9753b0bc8b66f,Read
b101f51136845dde,Write
3641cfccc9d763e8,Write
e646e33ff1196d6d,Read
79794d657ce3db8a,Read
c1c1d7d6a295fa56,Read
67f1cecaeab2d9e3,Write
64895ecc6ed657d4,Write
14dc61fe908634d2,Write
6846c3bde9127389,Financial
e9eed9cb2cd930b6,Financial
db201819b3b24d25,Read
c5a624171348043d,Read
c0c4224259130bd6,Read
8ea0c00f53cfc9ff,Read
ed57445f4fe0fb58,Read
e28d6d401db15a4b,Read
04cb85699d98a1c1,Read
b2dd7fe3d830ccaa,Read
74ee4c8caf2d5890,Read
43450da4b1d6e3e9,Read
ad42c0ef9525ec79,Read
27b6ab2a06fe9cb0,Read
e7117902caa38ec6,Read
44df70118251d249,Read
dbfb23a3692bebdd,Read
0bc7e4d5048989ed,Read
e339d715509f41ee,Read
21c899b24fdcee21,Read
2f39e32d5e54fad2,Read
e7ca3286bfac7726,Read
c3e8797b9305bf7c,Read
5315167b35f14487,Read
0188ca6e36b048e8,Read
a8cd92d0919e028f,Read
29d05b536a6460ec,Read
d270bbbf00d1b141,Read
43a30e447ba1cb5b,Read
56af43a7e984d27f,Read
5d17f8c871af6040,Read
07ff922d780e755e,Read
3860d0c5bf5b66dc,Read
9c143c2a9c74decf,Read
33421f8cc64c99fa,Read
eace36a8cef8e4b9,Read
e66cd47c1bfc78a6,Write
5ded71a5c2732ec5,Read
6a5b663555d308ae,Read
6246c86551282cbc,Read
b304043ab76f5d40,Write
8c48cbf1796e2d05,Read
ffb40693804356f8,Read
7e6a46eb88c48bf3,Read
74f09f9d63834c73,Read
4d1253822f259199,Read
95fdc086b3ece5a8,Write
f6fe14f829dd4698,Execute
bf3eddd5bae42694,Read
005cb7ef2d46aaec,Execute
e323c241202383b3,Destructive
d28a833153d6fa8b,Destructive
f1132ccd6f30be9b,Read
ba9c79f8d7524aa6,Read
0f737b0b440171fb,Read
a974f991aeca81ef,Read
b5284a252792349a,Read
1fc6f83eedf54788,Read
7724c378b7cd04d6,Read
bc56d332d6f2ced8,Read
0f317480b599b141,Write
ee7b5b261b38dff5,Write
e74be39fe1ce12df,Write
a9c1289ba0f8aac6,Read
0e9b28d0522e8a33,Write
638ae85a644ddab8,Read
22d159f8e8a73dfd,Read
e19189e6e2a54ad2,Read
36907e7913355c40,Read
324381291565bbcb,Read
89e0a8ca526f8a90,Write
8d99a4abab2d3ce9,Write
3f2a7c5e779b7b0e,Write
d4b0102b5493aefe,Write
ef1e713d8a93d123,Write
458bec1d70836ab7,Write
0602f9b198120189,Write
30af6c1f030fdb89,Write
940bf406e19eeea0,Write
7e66368b877304ee,Write
c5518d91b258e66f,Write
dd6e495b4bd194c0,Write
39392e39cc0876b4,Write
88f6b01cca489836,Write
98e02594a2a0b2d1,Write
f4258509ae1d4fb2,Write
cfc99f49e008abd5,Write
6c3c21030e9bbfc6,Write
a06b10ffa081e218,Write
b8eacd07cf904db7,Write
e966850db92d42de,Write
f89b8d96137b52b7,Write
53f7f7423cd6df83,Write
6fc741db55b250cd,Write
359832462741ade7,Read
c9bc5f67357ed5f6,Read
0e649eeec34d562f,Read
0ff42298a62415d7,Write
a38afeee239e8f30,Write
ea2acc5a5eefbff8,Read
867842ddba36be16,Read
0b89bf569f84546b,Read
e403d579c67db19f,Write
c5ff428e632175d0,Read
f163e8a99055bdab,Read
d89515bcfd501c95,Read
710afedbbfcc7c28,Read
69d6b5fc41bf8818,Execute
fa481160e8bb079a,Write
8698951364af0949,Write
fa446209c48a1c59,Destructive
bc29aa4749bfa4e2,Destructive
fb2701916909f8a8,Read
95bec611e28cde2a,Read
ac04103c50405c07,Read
e2eaf7878f458374,Read
c2742f745ed860ea,Read
ca89de3eb24f9fd7,Read
858bc60d65efed8b,Read
7a32eea9bd7843fa,Read
3a312e5733d9be7b,Read
84d38673f0dca03e,Read
3ee305c209affed3,Read
27d4c46bd849bfaf,Read
5d6e2d42ed03fa98,Read
edf822f19010c3d0,Read
f316bb640e311ee7,Read
120b9dbc388d8847,Read
67f23e23c2b08477,Read
d05baefd3e11a13a,Read
e77dbf4640d40c08,Read
3d78baf81461e8b1,Write
1e6bed01d2cb7961,Destructive
c00e88fa0207dc7f,Destructive
a3f95a3a0078025d,Write
9e42f42c15cc3a06,Read
7ab9ab2462716fcb,Read
8de5c02a6bbe8200,Read
f478da2eab03bccb,Write
7d151a4ba43043f3,Write
3dc3901794cc9526,Write
e3fbc78239721b19,Write
7eacf0519760c932,Write
6723f00242355f24,Read
116011386764d505,Read
49964b14ecb85398,Read
5b4d96d64200c66c,Read
fbe29e744caa61d5,Read
0046de861aab655f,Read
c59be3e5758e6df6,Read
5df5bed2858b2654,Read
b58edbe673ac5802,Write
c6011e31b68c9627,Destructive
ab1304a9d393d5e6,Write
1e181496012786f8,Write
ebf120db28b1b60e,Write
d13700162ebc30d5,Write
4170ef9c086ffed4,Write
98ae8472aaa8fa7e,Write
04d63df80406d2d5,Write
cbddf0df43f3576e,Write
04bd1577a4a99500,Write
d01cc3820925ca46,Write
4c15245cb6969074,Write
f20aa16f1ee50c10,Read
01caa18e79c3e014,Read
5d9cdfd606d3be21,Read
9015840b0831833a,Execute
8a00a7fac582978e,Write
66527f69dac1b57a,Write
